Date,Tweet,Country
Thu Apr 25 23:59:58 +0000 2019," I could only hope they keep building on Defense.'""","Beacon Square, FL"
Thu Apr 25 23:59:57 +0000 2019,"Some of y\ gone forever be bums w no morals'""","Florida, USA"
Thu Apr 25 23:59:55 +0000 2019,"Triste a situa\ da  empresa que estava at\ com voo pra c\ infelizmente est\ acabando pouco a pouco.'""","Boca Raton, FL"
Thu Apr 25 23:59:54 +0000 2019,"Who gets the loudest boos in New Orleans tonight, the Commish or the Rams???'""","Goulds, FL"
Thu Apr 25 23:59:52 +0000 2019,We love where we work!  ,"Florida, USA"
Thu Apr 25 23:59:50 +0000 2019,"So. Show of hands, how many other people are also a little bit scared someone is going to shoot up their theater wh\ ","Alafaya, FL"
Thu Apr 25 23:59:50 +0000 2019, Bonne nuit Clarine! So cute! Merci. Sorry I missed this. Douce reves mon ami!\,"Clermont, FL"
Thu Apr 25 23:59:49 +0000 2019,Asheville NC... This Saturday the move is paradox \ @ Black Ink Orlando ,"Orlando, FL"
Thu Apr 25 23:59:47 +0000 2019,"Kat Jen Courtney Donna Fran (@ South Marco Beach in Marco Island, FL) ","Marco Island, FL"
Thu Apr 25 23:59:47 +0000 2019," Y ustedes por qu\ van....\\nqu\ proponen, m\ coloniaje?'""","Hollywood, FL"
Thu Apr 25 23:59:47 +0000 2019," Great signing. Great character.'""","Port St Lucie, FL"
Thu Apr 25 23:59:46 +0000 2019,Mood rn: ,"Orlando, FL"
Thu Apr 25 23:59:46 +0000 2019,Unapologetically loving myself #NewProfilePic ,"Clearwater, FL"
Thu Apr 25 23:59:45 +0000 2019,How could I not \,"Florida, USA"
Thu Apr 25 23:59:43 +0000 2019,"  It is about that time are you ready #NFLDraft19'""","Florida, USA"
Thu Apr 25 23:59:43 +0000 2019," You better bring it dude'""","Port St Lucie, FL"
Thu Apr 25 23:59:42 +0000 2019, I didn\ exactly watch it in order. Just hopped on at whatever point toonami was showing it. Which I\ ,"Tampa, FL"
Thu Apr 25 23:59:42 +0000 2019,whew\ ,"Daytona Beach, FL"
Thu Apr 25 23:59:41 +0000 2019," Our warm up is coming next week with at least 3 days in the 90\'s.""'","Florida, USA"
Thu Apr 25 23:59:38 +0000 2019,"   Love you Rodner'""","Pine Hills, FL"
Thu Apr 25 23:59:38 +0000 2019," She\ not wrong'""","St Augustine, FL"
Thu Apr 25 23:59:37 +0000 2019,"  Ahora cu\ es tu argumento?'""","Sunrise, FL"
Thu Apr 25 23:59:36 +0000 2019,"I met a rooster today. just chillin at the park. minding his damn own. just the way it should be. it was nice'""","St Cloud, FL"
Thu Apr 25 23:59:31 +0000 2019,I\ so proud of jake and his new job but man I miss seeing him everyday\,"Florida, USA"
Thu Apr 25 23:59:31 +0000 2019,Since we was lil my brotha was real ,"Winter Garden, FL"
Thu Apr 25 23:59:31 +0000 2019,"People forget regardless of how you think it\'s Dan Snyder\'s money!!! Dan wants DH, He wants asses in the seat. Dway\ ","Tampa, FL"
Thu Apr 25 23:59:29 +0000 2019,"I loveeee watching cooking channels.'""","Florida, USA"
Thu Apr 25 23:59:28 +0000 2019,Dinner time ,"Miami Beach, FL"
Thu Apr 25 23:59:25 +0000 2019,Light Glam \ the ultimate \ Makeup\ makeup look \ for my beautiful big sis  \ anyone looking to\ ,"Orlando, FL"
Thu Apr 25 23:59:24 +0000 2019,This is dope but we miss NCAA :( ,"Florida, USA"
Thu Apr 25 23:59:24 +0000 2019,Is Instagram trying to twist the knife? Twice in one week. This was the last picture I took of him alive. WTH \ ,"Port St John, FL"
Thu Apr 25 23:59:21 +0000 2019,"I\ literally gonna cry'""","Tallahassee, FL"
Thu Apr 25 23:59:19 +0000 2019,Does this hat make me look country\ @ Tortuga Festival Fort Lauderdale ,"Fort Lauderdale, FL"
Thu Apr 25 23:59:18 +0000 2019," Get my good side!'""","Lakeside, FL"
Thu Apr 25 23:59:18 +0000 2019,"Sinong manonood ng avengers ng 2:30AM mamaya??? HAHAHAHAHA ME!!!'""","Miami Beach, FL"
Thu Apr 25 23:59:17 +0000 2019,Yooo it\ bout to be a classic tonight G C FUCKING W ,"Florida, USA"
Thu Apr 25 23:59:15 +0000 2019,"Broward bout to make history tonight'""","Fort Lauderdale, FL"
Thu Apr 25 23:59:12 +0000 2019,Every Instinct in me tells me I should jump through that screen and get those duckies ,"Land O' Lakes, FL"
Thu Apr 25 23:59:12 +0000 2019,Beautiful Island!\\n#,"Florida, USA"
Thu Apr 25 23:59:09 +0000 2019,"Children\'s books?! #Jeopardy""'","Key West, FL"
Thu Apr 25 23:59:09 +0000 2019,Don\'t you think that is spots to be the other way around he should apologize to me king Dennis. For his part of our\ ,"Lehigh Acres, FL"
Thu Apr 25 23:59:09 +0000 2019,"current weather in Merritt Island: clear sky, 78\ humidity, wind 13mph, pressure 1014mb'""","Merritt Island, FL"
Thu Apr 25 23:59:08 +0000 2019,"  I knew ur dumbass ones gonna chime in with the chocolate ones. THEY ALL NASTY TOASTEDDDD. PERIODT'""","New Smyrna Beach, FL"
Thu Apr 25 23:59:05 +0000 2019,Want a Sprite   #granthill Grant Hill drank it first \ @ Disney\'s Magic Kingdom ,"Florida, USA"
Thu Apr 25 23:59:05 +0000 2019,It\ finally draft time \,"Richmond West, FL"
Thu Apr 25 23:59:05 +0000 2019,"Mario and Princess Daisy wins the bonus round, Mario and Princess Daisy grand total is $67,550. ","Florida, USA"
Thu Apr 25 23:59:01 +0000 2019,Watching #ourplanet crying my eyes out omg \,"Florida, USA"
Thu Apr 25 23:59:00 +0000 2019,"Twitter is dumb'""","Dania Beach, FL"
Thu Apr 25 23:58:59 +0000 2019,"  He might get suspended and then when the heat dies down,he will be back.'""","Orlando, FL"
Thu Apr 25 23:58:59 +0000 2019," Block'""","Florida, USA"
Thu Apr 25 23:58:59 +0000 2019,"It just now hit me, very hard I should say, that I\ not Marching this summer. Fuck.'""","Tallahassee, FL"
Thu Apr 25 23:58:58 +0000 2019,"  It\ not gonna last long'""","Winter Park, FL"
Thu Apr 25 23:58:57 +0000 2019,  4.3 gpa\ ,"Silver Springs Shores, FL"
Thu Apr 25 23:58:57 +0000 2019,"Fashionably late to #NXTOrlando but that\ ok,  had $1 beers to make this night so much more enjoyable! \","Casselberry, FL"
Thu Apr 25 23:58:55 +0000 2019,"Unless brendon urie is featured on the whole album it\ just be a single tonight laayties'""","Winter Springs, FL"
Thu Apr 25 23:58:55 +0000 2019,"I did it. Don\ need emoji. Good job, J. ","Weston, FL"
Thu Apr 25 23:58:54 +0000 2019,"' Joe also said the report on Comey coming out in 2 weeks, was a ""Bombshell"" & it was going to break open the whole thing.\''","St Petersburg, FL"
Thu Apr 25 23:58:50 +0000 2019," #impeachBarr\\n#impeachBarr'""","Riverview, FL"
Thu Apr 25 23:58:48 +0000 2019," Nevermind I have my days mixed up lol. Will have a good evening'""","Miami, FL"
Thu Apr 25 23:58:46 +0000 2019,I love how they got all the power 5\ from Florida lol ,"Deltona, FL"
Thu Apr 25 23:58:46 +0000 2019," It\ not the greatest city, but it wouldn\ crack my Top 10 most overrated either. It\ a fun, small city.'""","Fort Lauderdale, FL"
Thu Apr 25 23:58:44 +0000 2019,"Ormond Beach: 7:56pm: sunset'""","Holly Hill, FL"
Thu Apr 25 23:58:44 +0000 2019,  \,"Three Lakes, FL"
Thu Apr 25 23:58:42 +0000 2019,Hahaha en manera de recompensar ese tiempo me estoy levantando despu\ de mi nap de 6 horas \ ,"Boca Raton, FL"
Thu Apr 25 23:58:41 +0000 2019,"Sheesh, between this Tyreek Hill stuff and Mahomes being on the cover of Madden the Chiefs sure could be a train wreck'""","Florida, USA"
Thu Apr 25 23:58:39 +0000 2019,#baseball #SBO #14u @ Coral Glades High School ,"Coral Springs, FL"
Thu Apr 25 23:58:38 +0000 2019,"Cash on ya friend if she cock block.'""","Scott Lake, FL"
Thu Apr 25 23:58:37 +0000 2019,"Coming to the realization that we are a part of the divine cosmic universe and share with Her our fears, hopes and\ ","Florida, USA"
Thu Apr 25 23:58:34 +0000 2019," \ you... [dramatic pause] [clutches imaginary pearls] FLIRTING WITH ME!?\ -Summer 25/7'""","Florida, USA"
Thu Apr 25 23:58:34 +0000 2019,"'   This is absolutely not ""out of hand"" and is just a consumer base expressing demands\''","University, FL"
Thu Apr 25 23:58:34 +0000 2019,"I just wanna rise above all the bullshit that keeps coming my way....'""","Florida, USA"
Thu Apr 25 23:58:34 +0000 2019," Thank youuuuu'""","Tallahassee, FL"
Thu Apr 25 23:58:32 +0000 2019,"Don\'t Fuck this up Licht... #BucsLife #SeasonTicketHolder #JoshAllen #DevinWhite""'","Florida, USA"
Thu Apr 25 23:58:31 +0000 2019,"Otra vez m\ Elliott Abrams manda a la Secta bien largo pa\ c..ajo.'""","Miami, FL"
Thu Apr 25 23:58:31 +0000 2019, feliz cumple!!!\,"Miami, FL"
Thu Apr 25 23:58:29 +0000 2019,"I am not on the Kyler Murray bandwagon. Also, the suit is terrible. \\n\\nThe pictures of Nashville\ crowds are giving\ ","Florida, USA"
Thu Apr 25 23:58:26 +0000 2019," stop running.'""","Myrtle Grove, FL"
Thu Apr 25 23:58:24 +0000 2019,"This guy on  has figured it out. Won another $90,000 tonight. Absolutely nuts. He\ won over $1.2 million\ ","Lakeland, FL"
Thu Apr 25 23:58:21 +0000 2019,"        Thank you'""","Boynton Beach, FL"
Thu Apr 25 23:58:20 +0000 2019," This should be good'""","Lakeside, FL"
Thu Apr 25 23:58:20 +0000 2019," Yep'""","Wright, FL"
Thu Apr 25 23:58:20 +0000 2019," This is your brain on maths.'""","Tallahassee, FL"
Thu Apr 25 23:58:20 +0000 2019,"Congrats #JeopardyJames again  #Jeopardy'""","Villages of Oriole, FL"
Thu Apr 25 23:58:19 +0000 2019, \,"Myrtle Grove, FL"
Thu Apr 25 23:58:18 +0000 2019,"I wish i didnt work in a mexican restaurant cause my birthday is cinco de mayo im most likely working for my bday :('""","Florida, USA"
Thu Apr 25 23:58:18 +0000 2019,"Cards talking a deal with Murray? #NFLDraft2019 #BoldMoves'""","Florida, USA"
Thu Apr 25 23:58:17 +0000 2019,I needed a day like today badly .  It\ a good feeling knowing how your peers view you in this crazy world we call\ ,"Florida, USA"
Thu Apr 25 23:58:15 +0000 2019,Spicer: 2020 Dems boycotting going on Fox News are only hurting themselves  via  Th\ ,"Lakewood Park, FL"
Thu Apr 25 23:58:15 +0000 2019," I\'m sorry she\'s how old now?""'","St Cloud, FL"
Thu Apr 25 23:58:14 +0000 2019, I think this is true of my cousin. We were like brothers. I wondered for years if he was gay and that\ ,"Jupiter, FL"
Thu Apr 25 23:58:12 +0000 2019,"Daytona Beach: 7:56pm: sunset'""","Daytona Beach, FL"
Thu Apr 25 23:58:11 +0000 2019,Damn can we just get a twitter story shit \,"Florida, USA"
Thu Apr 25 23:58:11 +0000 2019, Damnit Matt don\ be lazy \,"St Petersburg, FL"
Thu Apr 25 23:58:10 +0000 2019," I love you toooooo'""","Tallahassee, FL"
Thu Apr 25 23:58:09 +0000 2019,"Graham sub-24 through 8k!'""","Citrus Park, FL"
Thu Apr 25 23:58:08 +0000 2019,What it do tonight\,"Pembroke Pines, FL"
Thu Apr 25 23:58:08 +0000 2019,"        Thank you'""","Boynton Beach, FL"
Thu Apr 25 23:58:06 +0000 2019,"Here we go  J-E-T-S JETS JETS JETS! #TakeFlight #NFLDraft'""","Pembroke Pines, FL"
Thu Apr 25 23:58:05 +0000 2019," Unless, of course, he can become President by virtue signaling over reparations!'""","Town 'n' Country, FL"
Thu Apr 25 23:58:04 +0000 2019,"This Avengers Endgame must be something serious'""","Okeechobee, FL"
Thu Apr 25 23:58:04 +0000 2019,"Orlando: 7:56pm: sunset'""","Orlando, FL"
Thu Apr 25 23:58:03 +0000 2019,Ready for the  first round pick on #NFLDraftDay -- Go Jags!!  #Duuuval\\n,"Florida, USA"
Thu Apr 25 23:58:03 +0000 2019,Ok that\ it!  I\ not coming back north #sunsets ,"North Redington Beach, FL"
Thu Apr 25 23:58:01 +0000 2019,The only downside about how Endgame is 3 hours long is that if I get a coke icee I\ gonna need to go to the bathro\ ,"Gainesville, FL"
Thu Apr 25 23:58:00 +0000 2019, Very scary.  So where are these so called protectors of children when children are left or returned to\ ,"North Port, FL"
Thu Apr 25 23:58:00 +0000 2019,It\ ruff on this twitter shit  I swear to god \,"Tallahassee, FL"
Thu Apr 25 23:57:59 +0000 2019,We\'re doomed. ,"Miami Beach, FL"
Thu Apr 25 23:57:57 +0000 2019,Food Truck Thursday\ #SupportLocalBusiness ,"Three Lakes, FL"
Thu Apr 25 23:57:57 +0000 2019,  Those kids scarrrrrred \,"Florida, USA"
Thu Apr 25 23:57:55 +0000 2019," \ ain\'t no buddy. With yall ain\'t shit asses""'","Miami, FL"
Thu Apr 25 23:57:54 +0000 2019," Here is a link to my YA sci-fi. If you\'re a fan of the Lux series or the CW\'s Roswell Reboot, you might\ ","Sunshine Parkway, FL"
Thu Apr 25 23:57:53 +0000 2019," Oh so you\ the culprit, you owe me chick-fil-a!! Cause I\ hungry\","Daytona Beach, FL"
Thu Apr 25 23:57:53 +0000 2019,"  NBA playoffs are whack fool'""","West Palm Beach, FL"
Thu Apr 25 23:57:53 +0000 2019,Buena  ,"DeBary, FL"
Thu Apr 25 23:57:52 +0000 2019,"#babyshark in #NXTOrlando'""","Casselberry, FL"
Thu Apr 25 23:57:52 +0000 2019, \,"Deerfield Beach, FL"
Thu Apr 25 23:57:48 +0000 2019," yooooo bruh, swarm the homie SNAPPED on this one! makes me wanna eat chris browns ass \","Florida, USA"
Thu Apr 25 23:57:47 +0000 2019,"It\ some shit you just shouldn\ do. Idc how you slice it.'""","Tallahassee, FL"
Thu Apr 25 23:57:46 +0000 2019,"   Heb ik al gedaan na meer als 30 jaar abonee\\nHet is de zelfde Telegraaf niet meer..'""","Wellington, FL"
Thu Apr 25 23:57:46 +0000 2019," Lol'""","Kendale Lakes, FL"
Thu Apr 25 23:57:46 +0000 2019,He got that Fulton blood I got two years with this kid big Dj 6\ every bit of 250 oline 6th grader\ ,"Florida, USA"
Thu Apr 25 23:57:42 +0000 2019,And I\ still gonna be surprised ,"Golden Glades, FL"
Thu Apr 25 23:57:41 +0000 2019, Hi Tim! I\'m doing fine and things are good. Thanks for asking. Will be flying back up to WV for my gra\ ,"Clermont, FL"
Thu Apr 25 23:57:41 +0000 2019,"Naples: 7:55pm: sunset'""","Naples, FL"
Thu Apr 25 23:57:40 +0000 2019," \ That\ shit ain\ cute.'""","Union Park, FL"
Thu Apr 25 23:57:39 +0000 2019,  \,"Florida, USA"
Thu Apr 25 23:57:37 +0000 2019,This \ ,"Lake Mary, FL"
Thu Apr 25 23:57:37 +0000 2019,Tbt The time I paint and design this bad ass road rat with 1927gameover photo by 14elements models me lol Anibal  ,"Pinecrest, FL"
Thu Apr 25 23:57:34 +0000 2019,I hate them coworkers that try to act like your boss & swear they have seniority like no if you get paid same as me\ ,"Florida, USA"
Thu Apr 25 23:57:33 +0000 2019,All your support come from the females \,"Tallahassee, FL"
Thu Apr 25 23:57:33 +0000 2019,"i have been eating brownies with buttercream for like 3 days straight.'""","Hollywood, FL"
Thu Apr 25 23:57:33 +0000 2019,#NoJoe ,"University, FL"
Thu Apr 25 23:57:32 +0000 2019,"Snape kills Dumbledore #avengersendgame'""","Winter Springs, FL"
Thu Apr 25 23:57:30 +0000 2019,Congratulations ,"Coral Springs, FL"
Thu Apr 25 23:57:30 +0000 2019,  This is high level \ Kid\,"Florida, USA"
Thu Apr 25 23:57:27 +0000 2019,"I use incognito mode for porn though. Its what responsible dads do'""","Palm Bay, FL"
Thu Apr 25 23:57:27 +0000 2019,Well this night turned out completely differently than I had imagined \,"Florida, USA"
Thu Apr 25 23:57:26 +0000 2019,"And with the 8th pick the #Lions have made a trade.\\nThey give the 8th pick to the #Buccaneers for McCoy and Brate.\\nGo Lions'""","Beacon Square, FL"
Thu Apr 25 23:57:26 +0000 2019,I wanna post this drawing so baddddd but I can\ \,"Florida, USA"
Thu Apr 25 23:57:25 +0000 2019," Yes, I am so excited for next year!'""","Greater Northdale, FL"
Thu Apr 25 23:57:24 +0000 2019,It\'s begun. I\'m scared. Thank you to this kind sir on iFunny. ,"University, FL"
Thu Apr 25 23:57:21 +0000 2019," Lmao this is my song!'""","Florida, USA"
Thu Apr 25 23:57:18 +0000 2019,No \ ,"Palm Coast, FL"
Thu Apr 25 23:57:17 +0000 2019,"I have $80 so far for TS7 tour, do y\ think that\ get me pit??'""","Winter Springs, FL"
Thu Apr 25 23:57:16 +0000 2019,Is this going around???\\nCurrent situation. Worst sinus attack of my life happened today.  I\ sneed more times tha\ ,"Panama City, FL"
Thu Apr 25 23:57:15 +0000 2019,"V\ Dios, Elliott! La Secta te va a declarar comunista, colaboracionista o tonto \ del Frente Amplio. Creo q\ ","Miami, FL"
Thu Apr 25 23:57:14 +0000 2019," \ that nigga funny lol'""","Florida, USA"
Thu Apr 25 23:57:13 +0000 2019,"good news: you only need to enter the password to unlock your glowing null bulge! \ you\'re a decent hacker, aren\'t\ ","Orlando, FL"
Thu Apr 25 23:57:11 +0000 2019,#TBT #VR #RealidadVirtual #97 en The Mall at Millenia ,"Orlando, FL"
Thu Apr 25 23:57:11 +0000 2019, Hey lia are you gonna do another funny rage moments anytime soon? They are cool. Also youre like the\ ,"Clearwater, FL"
Thu Apr 25 23:57:10 +0000 2019,Might as well move to Canada ,"Miami, FL"
Thu Apr 25 23:57:09 +0000 2019," Mental cases speak of themselves in the third person.'""","Miami, FL"
Thu Apr 25 23:57:09 +0000 2019,Si tuviesemos la Base USA en Manta operando muy distinta seria la cosa... ,"Miami, FL"
Thu Apr 25 23:57:08 +0000 2019," You didn\ text me tho'""","Tampa, FL"
Thu Apr 25 23:57:08 +0000 2019,"Lehigh Acres: 7:55pm: sunset'""","Lehigh Acres, FL"
Thu Apr 25 23:57:07 +0000 2019," I predict major failure for him in the NFL!'""","Florida, USA"
Thu Apr 25 23:57:07 +0000 2019, thank u sexy girl\,"Miami, FL"
Thu Apr 25 23:57:06 +0000 2019,"Damn. \\n\\n John Singleton in a coma after \'major stroke,\' TMZ reports  ","Gainesville, FL"
Thu Apr 25 23:57:05 +0000 2019," HUSSEIN KNEW OF THE RUSSIANS TRYING TO INTERFERE AND CHOSE TO DO NOTHING.  Be quiet will ya.'""","Florida, USA"
Thu Apr 25 23:57:04 +0000 2019," #smokin'""","Florida, USA"
Thu Apr 25 23:57:02 +0000 2019," \ Thanks love!!!'""","The Hammocks, FL"
Thu Apr 25 23:57:02 +0000 2019,        N\ ,"Florida, USA"
Thu Apr 25 23:57:01 +0000 2019,"   I never thought you did. You seem like a cool dude.'""","Town 'n' Country, FL"
Thu Apr 25 23:57:00 +0000 2019,"I started gagging bc I didn\ like the taste of the cheese on my sandwich when did I become a fucking snob about food'""","Seven Springs, FL"
Thu Apr 25 23:56:59 +0000 2019,"Just posted a video @ Plantation, Florida ","Plantation, FL"
Thu Apr 25 23:56:58 +0000 2019," Thank god cause you was itching your head with the old one'""","Tampa, FL"
Thu Apr 25 23:56:57 +0000 2019,"Draft time baby!!!! #GoBlue #ProBlue'""","Titusville, FL"
Thu Apr 25 23:56:56 +0000 2019, lol this was ME before I had to have brain surgery\ i couldnt decide but they fucked my hair up so I\ ,"Titusville, FL"
Thu Apr 25 23:56:55 +0000 2019," Next time, baby.'""","Fort Lauderdale, FL"
Thu Apr 25 23:56:55 +0000 2019,"What Tyreek Hill do?'""","Palm Beach Gardens, FL"
Thu Apr 25 23:56:52 +0000 2019,"Port Orange: 7:55pm: sunset'""","Port Orange, FL"
Thu Apr 25 23:56:52 +0000 2019,I gotta stop wearing two short like ima boy. \,"Florida, USA"
Thu Apr 25 23:56:51 +0000 2019,We couldn\ decide wich picture to post so here are all all of them. \\nNext week\ special: BBQ ribs with yellow ric\ ,"Hollywood, FL"
Thu Apr 25 23:56:51 +0000 2019,,"Miami Beach, FL"
Thu Apr 25 23:56:49 +0000 2019,"And just like that, final thesis document submitted! I\ done!!'""","Tallahassee, FL"
Thu Apr 25 23:56:49 +0000 2019,Whoa! Another Caribbean beauty - a two-fer! #redleggedthrush #thrush #rare #raresighting #vagrant #turdidae\ ,"Lantana, FL"
Thu Apr 25 23:56:48 +0000 2019," Because he have alot to hide'""","Riverview, FL"
Thu Apr 25 23:56:47 +0000 2019,I\ so excited to see  at  tonight! With  and  also in the audien\ ,"West Palm Beach, FL"
Thu Apr 25 23:56:47 +0000 2019," For their future franchise QB?! Ya that\ a steal'""","Winter Springs, FL"
Thu Apr 25 23:56:42 +0000 2019,"At anytime my daughter will ask me for my phone to play with so I can\ have crazy messages popping up'""","Palm Bay, FL"
Thu Apr 25 23:56:39 +0000 2019,I can\'t \ ,"Spring Hill, FL"
Thu Apr 25 23:56:39 +0000 2019,"No one expects people to carry a portable ramp with them, or knock on a door inside the building to borrow a ramp.\ ","Palm Beach Gardens, FL"
Thu Apr 25 23:56:38 +0000 2019," My boyfriend is going, so sign something for me like a rock, because I\'m going to be stuck in Miami.\","Miami, FL"
Thu Apr 25 23:56:38 +0000 2019,And that\ a wrap on our Spring Garnet & Gold Scholar Society Induction Ceremony! #GGSSFSU ,"Tallahassee, FL"
Thu Apr 25 23:56:37 +0000 2019,"Does that happen to y\ Does music transport you to a certain time in your life?'""","Lakeland, FL"
Thu Apr 25 23:56:36 +0000 2019,"  Listen, I love ours.  Like an unnatural amount of love.  But theirs is better.   Had it\ ","Florida, USA"
Thu Apr 25 23:56:31 +0000 2019,"My love for Brendon\ voice & music outweighs my disinterest in Taylor\ music, so I will be listening \ ","Florida, USA"
Thu Apr 25 23:56:29 +0000 2019,Currently reading ,"Miami Beach, FL"
Thu Apr 25 23:56:28 +0000 2019," Again fake news- you\ distorting the facts AGAIN! #ImpeachDonadTrump'""","Florida, USA"
Thu Apr 25 23:56:28 +0000 2019,"Cardinals giving up on the Rosen One too early IMO and I\ a notable podcaster so my opinion carries weight.'""","Palm Beach Gardens, FL"
Thu Apr 25 23:56:27 +0000 2019," So proud of my niece!!!'""","Florida, USA"
Thu Apr 25 23:56:27 +0000 2019," Was it complete with lies?'""","Florida, USA"
Thu Apr 25 23:56:26 +0000 2019,"   Where\ the Tupperware?'""","Pembroke Pines, FL"
Thu Apr 25 23:56:25 +0000 2019,I concur this thank you to  You are definitely appreciated. So thank you so much. You\ awesome! ,"Daytona Beach, FL"
Thu Apr 25 23:56:25 +0000 2019,"is taylor gunna colab w/ panic??'""","Boca Raton, FL"
Thu Apr 25 23:56:23 +0000 2019,I WOULD BEAT THEM KIDS A%* \,"Deerfield Beach, FL"
Thu Apr 25 23:56:23 +0000 2019,  \ \ \ \ \ \ \ \ \,"Kendall, FL"
Thu Apr 25 23:56:23 +0000 2019,"  The flower crop top is bound to be at least $75'""","Margate, FL"
Thu Apr 25 23:56:20 +0000 2019,"6 to go from Graham!!! #DrakeRelays'""","Citrus Park, FL"
Thu Apr 25 23:56:20 +0000 2019, Where does it say that Mr. Expert on the Bible. Does that also mean you approve of polygamy as does the\ ,"Miami, FL"
Thu Apr 25 23:56:19 +0000 2019,"Dolphins are really trying to trade back to get draft capital to trade for Josh Rosen? Wow'""","Davie, FL"
Thu Apr 25 23:56:19 +0000 2019," Best take I\ seen about the scandal'""","Leisure City, FL"
Thu Apr 25 23:56:16 +0000 2019," Here is a link to my YA sci-fi. If you\'re a  fan of the Lux series or the CW\'s Roswell Reboot, you\ ","Sunshine Parkway, FL"
Thu Apr 25 23:56:16 +0000 2019,In a bitchy mood \,"Lehigh Acres, FL"
Thu Apr 25 23:56:16 +0000 2019," Here we go, this is why  shouldn\'t have run.""'","Riverview, FL"
Thu Apr 25 23:56:14 +0000 2019, \ \,"Sebring, FL"
Thu Apr 25 23:56:13 +0000 2019, AND ONCE YOU HAVE A RONI YOU WILL NEVER GIVE HER UP. SHES THE SPECIAL KINDA GIRL THAT MAKES HER DADDY FE\ ,"Florida, USA"
Thu Apr 25 23:56:12 +0000 2019, Anytime bby. I\ yours \,"Miami, FL"
Thu Apr 25 23:56:12 +0000 2019,"   Idk what you said. But dame do as well.'""","Orlando, FL"
Thu Apr 25 23:56:11 +0000 2019," Wow'""","Bear Creek, FL"
Thu Apr 25 23:56:10 +0000 2019,Tonight\'s sunset is just one great shot after the next. \\n.\\n#vspc #liveamplified #welivehere #tampabay #stpetersburg\ ,"Florida, USA"
Thu Apr 25 23:56:07 +0000 2019," Me voy del Sap en tv y pondre a Mambi x la radio'""","Tamiami, FL"
Thu Apr 25 23:56:07 +0000 2019,Good beer slightly sweet finish - Drinking an Osprey\ Fresh Catch (Season Six) by Horus Fresh Ales at  ,"Winter Park, FL"
Thu Apr 25 23:56:06 +0000 2019,  No. ,"Boca Raton, FL"
Thu Apr 25 23:56:06 +0000 2019,Fuera de record:Manuel de Js. Troncoso de la Concha le envi\ a Balaguer unas anotaciones en las que indicaba que si\ ,"Poinciana, FL"
Thu Apr 25 23:56:05 +0000 2019, Exactly \ kno I\ playa for life. \,"Brownsville, FL"
Thu Apr 25 23:56:04 +0000 2019,A little harsh. - Drinking a Neon by  @ The Broken Barrel Tavern  \ ,"Palm Bay, FL"
Thu Apr 25 23:56:03 +0000 2019,So grateful for my man for taking such good care of me after my wisdom tooth surgery today \,"Tampa, FL"
Thu Apr 25 23:56:01 +0000 2019,What is wrong with y\ \,"Tampa, FL"
Thu Apr 25 23:55:59 +0000 2019,"Need to get going'""","Hollywood, FL"
Thu Apr 25 23:55:58 +0000 2019," You\ uh... really got your ducks in a row'""","Lakeland, FL"
Thu Apr 25 23:55:58 +0000 2019,   Donated this morning in honor of #NoJoe entering the race. ,"University, FL"
Thu Apr 25 23:55:58 +0000 2019,Look!  More drinkies on a beach.  #ilovevacations #summerfun @ Anna Maria Island Beaches ,"Holmes Beach, FL"
Thu Apr 25 23:55:57 +0000 2019,"My puppy really had a whole meal\ I could cry I\ so mad!'""","Daytona Beach, FL"
Thu Apr 25 23:55:57 +0000 2019,"   It takes a village. Grateful to work with such an amazing crew!!'""","Florida, USA"
Thu Apr 25 23:55:56 +0000 2019,GREEEEDY \ ,"Lakeland, FL"
Thu Apr 25 23:55:56 +0000 2019,Just CHILLING Might About To Smoke \,"Tallahassee, FL"
Thu Apr 25 23:55:55 +0000 2019,"  Let\ be honest though, that seems cheap for Taylor merch \","Margate, FL"
Thu Apr 25 23:55:53 +0000 2019,If I got this on my math exam I would literally sob ,"University, FL"
Thu Apr 25 23:55:53 +0000 2019, I am dying because awkward me would have certainly sounded like a serial killer. A pizza delivery guy\ ,"Apopka, FL"
Thu Apr 25 23:55:51 +0000 2019, \ ,"Tamiami, FL"
Thu Apr 25 23:55:51 +0000 2019,BELLADONNA GRAVE - Voices (VIDEOClip HD/HQ)  via ,"Miami Beach, FL"
Thu Apr 25 23:55:50 +0000 2019," That\ not a reflection of your humor, my dude.'""","Florida, USA"
Thu Apr 25 23:55:50 +0000 2019,  Entonces si as\ a Dios que reparta suerte? Qu\ nunca llegue la ayuda? Puertorrique\ esta\ ,"Hollywood, FL"
Thu Apr 25 23:55:47 +0000 2019,"'Attending  the International Pastors and Leadership Conference  \ Singing ""King of Glory, Fill This Pl\ ","Tampa, FL"
Thu Apr 25 23:55:47 +0000 2019,Resistance is futile ,"Miramar, FL"
Thu Apr 25 23:55:46 +0000 2019," I agree'""","Lakeside, FL"
Thu Apr 25 23:55:46 +0000 2019," Church of Trump 2020'""","Plantation, FL"
Thu Apr 25 23:55:46 +0000 2019,  We love ruler!\,"Edgewater, FL"
Thu Apr 25 23:55:45 +0000 2019,"Rihanna\ Loud album makes me think of high school every time I listen. Working at Rue 21, basketball games, the boys \","Lakeland, FL"
Thu Apr 25 23:55:43 +0000 2019,  DORA...THE...EXPLORER\ \,"Cooper City, FL"
Thu Apr 25 23:55:42 +0000 2019," Generations ago, being in Congress was a \'volunteer\' position.  If we did that now, we would get true\ ","Florida, USA"
Thu Apr 25 23:55:42 +0000 2019," So, I am sorry, but why did you post it?'""","Florida, USA"
Thu Apr 25 23:55:39 +0000 2019,"  Does this replace the 3k that were laid off/fired? Nope! More fake gop news. Stop lying? #ImpeachDonaldTrump'""","Florida, USA"
Thu Apr 25 23:55:36 +0000 2019," The older guy.'""","Florida, USA"
Thu Apr 25 23:55:36 +0000 2019," Still a cutie :p'""","Florida, USA"
Thu Apr 25 23:55:36 +0000 2019,"I\ young af and my bladder shouldn\ be this weak'""","Florida, USA"
Thu Apr 25 23:55:34 +0000 2019,Just seen a couple get killed in Naranja on a dirt bike \,"Naranja, FL"
Thu Apr 25 23:55:33 +0000 2019,"  Never would see that disrespect in hockey'""","Boca Raton, FL"
Thu Apr 25 23:55:32 +0000 2019,"  Or marry a guy going places and ride his coattails. The exact opposite of feminism.'""","Lakeland, FL"
Thu Apr 25 23:55:31 +0000 2019,     All cats are horrible. Except for starting tendy Juli\ ,"Tallahassee, FL"
Thu Apr 25 23:55:31 +0000 2019,It\ almost Fry fryyyyy \,"University Park, FL"
Thu Apr 25 23:55:30 +0000 2019,That\'s a perfect son for right now! I even called my friend barenolisa from my flipping car! **#warriorwoman\ ,"Orlando, FL"
Thu Apr 25 23:55:29 +0000 2019," Prisoners are people too'""","Melbourne, FL"
Thu Apr 25 23:55:29 +0000 2019,"My whole family has access to my phone, ipad, and laptop. So i dont keep crazy txt messages or photos'""","Palm Bay, FL"
Thu Apr 25 23:55:27 +0000 2019,"I don\ send \ and prayers\ Instead I get my ass up and do something about it- whatever I possibly can to help'""","University, FL"
Thu Apr 25 23:55:27 +0000 2019, \ 3 \ \,"Orlando, FL"
Thu Apr 25 23:55:27 +0000 2019," You checked out the work of Edward Tufte? Original data visualization Guru, loved his conference back in 2000. Ahead of his time'""","Lake Butler, FL"
Thu Apr 25 23:55:25 +0000 2019," Me gustar\ que as\ fuera pero la manera de hacerlo es confinandolos a su m\ expresi\ electoral'""","Miami, FL"
Thu Apr 25 23:55:25 +0000 2019,"I wonder if the As are watching the NFL Draft'""","Alafaya, FL"
Thu Apr 25 23:55:24 +0000 2019, I\ not arguing with a sicko who claims Trump did not defeat ISIS fast enough. \ How about you sho\ ,"Florida, USA"
Thu Apr 25 23:55:24 +0000 2019, \,"Wellington, FL"
Thu Apr 25 23:55:23 +0000 2019," Fair enough. I haven\ heard anything about hill prior. Only hunt.'""","Tampa, FL"
Thu Apr 25 23:55:22 +0000 2019,"  Girl he plotting before he eat that bird for a snack.'""","Miami, FL"
Thu Apr 25 23:55:21 +0000 2019,"  RESEARCH WRITING!!!'""","Longwood, FL"
Thu Apr 25 23:55:21 +0000 2019,"One last share of my mock draft, which yes, has Kyler Murray going No. 1 to the #AZCardinals \\n#NFLDraft #NFL \\n","Florida, USA"
Thu Apr 25 23:55:21 +0000 2019,Looking for the  to get some offensive help tonight in the #NFLDraft19. ,"Key West, FL"
Thu Apr 25 23:55:18 +0000 2019,#NFLDraft #ladiesnight #ItGonnaBeAGoodNight @ Mugs N Jugs Brandon ,"Florida, USA"
Thu Apr 25 23:55:16 +0000 2019,"  You see he ain\ respond lol'""","Florida, USA"
Thu Apr 25 23:55:16 +0000 2019,#Repost  with get_repost\\n\ IN ORLANDO!\\n\ are only 5 months away from our launc\ ,"Orlando, FL"
Thu Apr 25 23:55:16 +0000 2019,"  Which red top?'""","Fort Lauderdale, FL"
Thu Apr 25 23:55:16 +0000 2019,"Avengers: Infinity War, one more time before End Game in the morning!!!'""","Winter Haven, FL"
Thu Apr 25 23:55:15 +0000 2019,"Key West: 7:53pm: sunset'""","Key West, FL"
Thu Apr 25 23:55:12 +0000 2019,he was my fav\,"Miami, FL"
Thu Apr 25 23:55:11 +0000 2019,Y\ is tew much \,"Tallahassee, FL"
Thu Apr 25 23:55:11 +0000 2019,  Prisoners should not have their liberties taken from them after conviction of a crime. Be\ ,"Homestead, FL"
Thu Apr 25 23:55:11 +0000 2019," BRA SHE DRAGGED IT TO THE LIVING ROOM! Idk how she got it\ THE WHOLE MEALLLLL'""","Daytona Beach, FL"
Thu Apr 25 23:55:10 +0000 2019," Not yet! You need some new boots! #GigEm'""","Daytona Beach, FL"
Thu Apr 25 23:55:09 +0000 2019,"Graham 20:52 through 7k!!!!'""","Citrus Park, FL"
Thu Apr 25 23:55:06 +0000 2019,  Pasa recetaaaaa \,"Country Club, FL"
Thu Apr 25 23:55:06 +0000 2019,"Launch Nick Bosa into the sun'""","Bradenton, FL"
Thu Apr 25 23:55:05 +0000 2019,A5 - I am going to start looking for book deals and try to get books in students hands before the summer break. I a\ ,"Mango, FL"
Thu Apr 25 23:55:00 +0000 2019,GO NOLES!!! CATCH ME PLAYING QB FOR THE NOLES IN AUGUST ,"Tallahassee, FL"
Thu Apr 25 23:54:59 +0000 2019,This is so true \ ,"Tallahassee, FL"
Thu Apr 25 23:54:59 +0000 2019,I kinda like Colorado vs Boston ,"Florida, USA"
Thu Apr 25 23:54:57 +0000 2019,"Thin sliced medium rare Ny Strips grilled to perfection \ @ Orlando, Florida ","Orlando, FL"
Thu Apr 25 23:54:57 +0000 2019, No problem enjoy\,"Pompano Beach, FL"
Thu Apr 25 23:54:56 +0000 2019," Deranged Donald isn\ descriptive enough - we can do better.  But, it\ a very good start.'""","Port St Lucie, FL"
Thu Apr 25 23:54:55 +0000 2019,"Watching the avengers...Please leave me alone for 3 hours\  thank you #AvengersEngame'""","Plantation, FL"
Thu Apr 25 23:54:54 +0000 2019," Unless you wanna cuddle and then OMG'""","Florida, USA"
Thu Apr 25 23:54:52 +0000 2019, You know they have to prop up #Joe2020 his coming out was good let\'s see who can survive. We must not\ ,"Riverview, FL"
Thu Apr 25 23:54:52 +0000 2019," Don\'t know if I can make it through the second slice homes.""'","Florida, USA"
Thu Apr 25 23:54:50 +0000 2019,          I h\ ,"Boynton Beach, FL"
Thu Apr 25 23:54:49 +0000 2019,"'  Y que ademas se convertirian en multimillonarios, dejando el primero a su ""heredera""\ ","Fountainebleau, FL"
Thu Apr 25 23:54:48 +0000 2019,"'Unidos venceremos \ pode n\ ser meu irm\ de sangue, mas para mim voc\ \ um Melhor Amigo, Irm\ de sangue,\ ","Orlando, FL"
Thu Apr 25 23:54:48 +0000 2019,"kinda lonely, kinda annoyed. why am i like this?! ","Palm Beach Gardens, FL"
Thu Apr 25 23:54:48 +0000 2019,i\ a gamel sister now #sb19 ,"Anna Maria, FL"
Thu Apr 25 23:54:47 +0000 2019,"Here come the Roger Goodell boos i can hardly wait!#NFLDraft'""","Florida, USA"
Thu Apr 25 23:54:46 +0000 2019,"   Say that to Palin'""","Viera West, FL"
Thu Apr 25 23:54:46 +0000 2019," impressive, glad I\'m a dem!! #VoteBlueNoMatterWho""'","Florida, USA"
Thu Apr 25 23:54:45 +0000 2019,The sun never sets on a badass!! You should know that Coach! \ ,"Sunshine Parkway, FL"
Thu Apr 25 23:54:45 +0000 2019,"Actualmente valoro el tiempo que comparto con las personas que amo y me aman... #PensandoEnVozAlta'""","Florida, USA"
Thu Apr 25 23:54:44 +0000 2019,This yachty when making \ Up\ ,"Kendall, FL"
Thu Apr 25 23:54:44 +0000 2019,  Trump is getting spanked so hard that he has no more cheeks to turn. And it was his la\ ,"West Lealman, FL"
Thu Apr 25 23:54:44 +0000 2019, He\ a SUMBAG \,"Cooper City, FL"
Thu Apr 25 23:54:43 +0000 2019," Pull up'""","University, FL"
Thu Apr 25 23:54:43 +0000 2019,"current weather in Tamiami: broken clouds, 79\ humidity, wind 13mph, pressure 1015mb'""","Tamiami, FL"
Thu Apr 25 23:54:42 +0000 2019, Their record is their responsibility. They must own it and account for it. No one else can do that for\ ,"University, FL"
Thu Apr 25 23:54:40 +0000 2019,"  LMFAOOOOOII'""","Lakeside, FL"
Thu Apr 25 23:54:40 +0000 2019," Welcome Jeanine! So excited to see you again soon!'""","Tampa, FL"
Thu Apr 25 23:54:39 +0000 2019,What I love is that the values must be defended.  I\'m a Republican because I believe in Republican values.  And I a\ ,"Orlando, FL"
Thu Apr 25 23:54:39 +0000 2019, \\nLooooooou! ,"Bradenton, FL"
Thu Apr 25 23:54:38 +0000 2019,"can i actually enjoy my last few days here or'""","Gainesville, FL"
Thu Apr 25 23:54:37 +0000 2019,In the shadow of the Titan. My favorite Rocket in the Garden.\ #kennedyspacecenter ,"Cocoa Beach, FL"
Thu Apr 25 23:54:34 +0000 2019, \,"Florida, USA"
Thu Apr 25 23:54:33 +0000 2019,#1 overall ,"Wesley Chapel, FL"
Thu Apr 25 23:54:28 +0000 2019,"  Whatever.  If anything Scott gave them a pass to do it'""","Florida, USA"
Thu Apr 25 23:54:26 +0000 2019,"Hey  can I have a Leon update?'""","Sarasota, FL"
Thu Apr 25 23:54:25 +0000 2019," Fight fight fight'""","Bayonet Point, FL"
Thu Apr 25 23:54:24 +0000 2019,Good night all! Appreciate your favs & retweets! Sending this Irish blessing your way tonight. Till tomorrow! ,"Clermont, FL"
Thu Apr 25 23:54:24 +0000 2019," Doesnt it just seem like something we would do though?'""","Gibsonia, FL"
Thu Apr 25 23:54:23 +0000 2019," I\'m dying over here!""'","Florida, USA"
Thu Apr 25 23:54:22 +0000 2019," \ facts; seeing only shadows and shit lmao'""","Florida, USA"
Thu Apr 25 23:54:21 +0000 2019,"Japan,Russia,SKorea&China most likely banning together probably against us\\n","Florida, USA"
Thu Apr 25 23:54:20 +0000 2019,"Pareciera que los medios que publican titulares sobre  comentando lo de las amigas y los esposos, est\ ","Country Club, FL"
Thu Apr 25 23:54:19 +0000 2019,"Rosen me.'""","Palm Beach Gardens, FL"
Thu Apr 25 23:54:17 +0000 2019,"I\ addicted to the rice at Benihana'""","Florida, USA"
Thu Apr 25 23:54:16 +0000 2019,  She may be a citizen now. But she was a criminal illegal alien & admitted breaking into ou\ ,"St Petersburg, FL"
Thu Apr 25 23:54:15 +0000 2019," Te van a crucificar por hablar de un posible candidato chavista.  Algunos quisieran mandarlos a todos a Auschwitz.'""","Miami, FL"
Thu Apr 25 23:54:12 +0000 2019,my cousin rlly don\ fwm\ brazy\,"Miami, FL"
Thu Apr 25 23:54:11 +0000 2019,"YALL ASS CANT DRESS PERIOD'""","Miami Beach, FL"
Thu Apr 25 23:54:11 +0000 2019,"   Ninguna. Sabe a sal...'""","Miami, FL"
Thu Apr 25 23:54:10 +0000 2019," I think he\ been pitched the same way, he hasn\ adjusted. He still swings at the same bad pitche\ ","Pembroke Pines, FL"
Thu Apr 25 23:54:09 +0000 2019,Lmaoooo this is cold affffff ,"Florida, USA"
Thu Apr 25 23:54:08 +0000 2019,Okay so if the  trade for josh Rosen I\ officially skipping past suicide watch and just going for it\ ,"Tamiami, FL"
Thu Apr 25 23:54:08 +0000 2019,"The avengers theme is BLASTING in springs rn I feel like a badass walking through here'""","Lake Buena Vista, FL"
Thu Apr 25 23:54:08 +0000 2019,Turn that up. ,"Palm Beach Gardens, FL"
Thu Apr 25 23:54:07 +0000 2019," I mean i could so there\'s that""'","Orlando, FL"
Thu Apr 25 23:54:07 +0000 2019, \,"Kendale Lakes, FL"
Thu Apr 25 23:54:03 +0000 2019,"Merritt Island: 7:53pm: sunset'""","Merritt Island, FL"
Thu Apr 25 23:54:02 +0000 2019,Hahaha  that\ hilarious! ,"Florida, USA"
Thu Apr 25 23:54:01 +0000 2019," \ 11pm \ 555'""","Orlando, FL"
Thu Apr 25 23:54:01 +0000 2019,Come see me at Monkeys I\ so bored \,"Florida, USA"
Thu Apr 25 23:54:00 +0000 2019, Just watch what books your kids go to for #popular right now.  It\ the #chooseyourownadventure fo\ ,"Lake Magdalene, FL"
Thu Apr 25 23:54:00 +0000 2019," Let\ hope he looks better in the film'""","Lakeside, FL"
Thu Apr 25 23:54:00 +0000 2019," Girl shut up, cause you fucking beautiful okay!'""","Florida, USA"
Thu Apr 25 23:54:00 +0000 2019,#SpiritBelieves Math can be fun! \ A little music and scoot around the room solving multi-step word problems!\ ,"Deltona, FL"
Thu Apr 25 23:53:59 +0000 2019,"Always had high high hopes!!'""","Winter Springs, FL"
Thu Apr 25 23:53:58 +0000 2019," Good advice. Hope Congress is listening.'""","Hobe Sound, FL"
Thu Apr 25 23:53:57 +0000 2019,"After years of algae and red tide, I just told my officials to fully fund  historic $625 million in\ ","Port Orange, FL"
Thu Apr 25 23:53:57 +0000 2019,Quien las entiende \,"Orlando, FL"
Thu Apr 25 23:53:55 +0000 2019,I can\ understand how you mad at the one you like the most for talking to mad bitches and being a liar. But you re\ ,"Palm Beach Gardens, FL"
Thu Apr 25 23:53:54 +0000 2019,Ready to #takeontigris \  #NHNation @ Busch Gardens Tampa Bay ,"Tampa, FL"
Thu Apr 25 23:53:53 +0000 2019," Miami'""","Orlando, FL"
Thu Apr 25 23:53:52 +0000 2019," Only person I\ break my bank account for ;)'""","Naples Park, FL"
Thu Apr 25 23:53:50 +0000 2019,"There are no more country dive bars in naples.. my home town is a joke'""","Florida, USA"
Thu Apr 25 23:53:49 +0000 2019," Yessss for literally everything!'""","Fountainebleau, FL"
Thu Apr 25 23:53:49 +0000 2019,"aaaaaaand i love my bf'""","Hialeah, FL"
Thu Apr 25 23:53:45 +0000 2019,"   Letsss go!'""","Spring Hill, FL"
Thu Apr 25 23:53:44 +0000 2019,Simple as that..... ,"South Apopka, FL"
Thu Apr 25 23:53:44 +0000 2019,'lopezcristian271 is the science of nature hidden in the hieroglyphics and symbols of the an\ ,"Miami Beach, FL"
Thu Apr 25 23:53:44 +0000 2019,"current weather in Coconut Creek: scattered clouds, 79\ humidity, wind 11mph, pressure 1015mb'""","Coconut Creek, FL"
Thu Apr 25 23:53:40 +0000 2019,Se puede saber por que..?  Es un crimen contra la patria el ecosistema y el fisco ...    ubicate heroe villan\ ,"Miami, FL"
Thu Apr 25 23:53:40 +0000 2019,  Wow! That must be confusing for  viewers. They are being told the truth. How a\ ,"Delray Beach, FL"
Thu Apr 25 23:53:37 +0000 2019,Joe Biden President 2020 ,"Ocala, FL"
Thu Apr 25 23:53:36 +0000 2019,"current weather in Miami: broken clouds, 79\ humidity, wind 13mph, pressure 1015mb'""","Miami, FL"
Thu Apr 25 23:53:35 +0000 2019,"That what is happening in reality, is Shakti\'s dance, which manifests as our being, thoughts, beliefs, and also the\ ","Florida, USA"
Thu Apr 25 23:53:34 +0000 2019,Catch Me Hosting #YAKWTFGO Summer Madness This June \ Kicking Off Summer In Orlando The Right Way \ ,"Florida, USA"
Thu Apr 25 23:53:33 +0000 2019,Dolphins draft party with my boys. @ Hard Rock Stadium ,"Scott Lake, FL"
Thu Apr 25 23:53:33 +0000 2019," That would explain my mom insisting that I\ not Atheist but my dad being chill and atheist himself'""","University, FL"
Thu Apr 25 23:53:32 +0000 2019,The art of the deal ... ,"Altamonte Springs, FL"
Thu Apr 25 23:53:31 +0000 2019,"you got a friend that\ ALWAYS with a new nigga? cause im trynna see something.'""","Palm Beach Gardens, FL"
Thu Apr 25 23:53:31 +0000 2019," Man what the hell is up with that style?'""","Plantation, FL"
Thu Apr 25 23:53:30 +0000 2019,I\ shutting it down. \ ,"Palm Springs, FL"
Thu Apr 25 23:53:29 +0000 2019,Varsity baseball vs Lake Region!  #seniornight #gohounds @ Auburndale High School ,"Auburndale, FL"
Thu Apr 25 23:53:29 +0000 2019,"S/o to God for that call I just got \ I\ lit'""","North Bay Village, FL"
Thu Apr 25 23:53:28 +0000 2019, Lmao. Yes I know \ this girl I swear to god. \\nBut my Green Bay Nike\ came in the mail today so\ ,"Daytona Beach, FL"
Thu Apr 25 23:53:24 +0000 2019,  Fair to assume \,"Tampa, FL"
Thu Apr 25 23:53:24 +0000 2019,I wanna go to Double or Nothing and Starcast so bad !! I\ just hitch hike! Lol   ,"Florida, USA"
Thu Apr 25 23:53:22 +0000 2019,Um yea that kinda makes you a bad parent and a worse person. Kid had a broken arm. ,"Orlando, FL"
Thu Apr 25 23:53:22 +0000 2019,Congratulations ,"Celebration, FL"
Thu Apr 25 23:53:22 +0000 2019, Omg I beat her & she still in the corner scared\,"Daytona Beach, FL"
Thu Apr 25 23:53:21 +0000 2019,#tbt.... Something about #ReRe and the #Water #ocean and \ #Djing.... \ #IsYourDjThisCute?  #femaledjs\ ,"Miami, FL"
Thu Apr 25 23:53:21 +0000 2019,The  Foundation: Socialism & Personal Responsibility ,"Boca Raton, FL"
Thu Apr 25 23:53:19 +0000 2019,"current weather in Golden Glades: clear sky, 79\ humidity, wind 11mph, pressure 1015mb'""","Golden Glades, FL"
Thu Apr 25 23:53:19 +0000 2019,Have a wonderful evening!\\n\ ,"Bradenton, FL"
Thu Apr 25 23:53:19 +0000 2019,Decisions....\,"Boynton Beach, FL"
Thu Apr 25 23:53:19 +0000 2019,A #FloridaSunset that\'s easy on the eyes tonight! #BrandonFL     ,"Florida, USA"
Thu Apr 25 23:53:16 +0000 2019,"'I get why Republicans want to get  out.  Maybe we should actually get a good candidate then?\\n\\n""We ca\ ","Orlando, FL"
Thu Apr 25 23:53:16 +0000 2019,"BJ\'s Restaurants, Inc. is hiring in #Gainesville, FL! Click the link in our bio to apply: Busser Service Support #Restaurant""'","Gainesville, FL"
Thu Apr 25 23:53:14 +0000 2019,"I\ mentioned this before, and I just heard it again. \\n\\nNews anchors, reporters, etc.: \\n\\nIt is pronounced \ ","Miami Beach, FL"
Thu Apr 25 23:53:14 +0000 2019,"  Sweeeeet \\n#oldschool'""","Bradenton, FL"
Thu Apr 25 23:53:13 +0000 2019, I basically said that when he was excited about getting a masters in Poli Sci. I told him a masters\ ,"Tallahassee, FL"
Thu Apr 25 23:53:12 +0000 2019,"Ready, set, go! \ #4....\\nI love how much she loves ice skating! \ re-vamped the classes and we are lov\ ","Wesley Chapel, FL"
Thu Apr 25 23:53:11 +0000 2019,Wine & candlelight....... relaxing #reisling. \ @ Gateway on 4th Apartments in Saint Petersburg ,"St Petersburg, FL"
Thu Apr 25 23:53:10 +0000 2019,"I\ gonna be freshly 21 years old seeing MeSo in Colorado in less than two months holy fuck'""","North Palm Beach, FL"
Thu Apr 25 23:53:10 +0000 2019,Chynk ,"Florida, USA"
Thu Apr 25 23:53:09 +0000 2019,The \ of Eternity  #barista #brickell #brickelllife #brickelliving #brickelliving #coffeehouse  #coffee\ ,"Miami, FL"
Thu Apr 25 23:53:08 +0000 2019," Imma have to give that ensemble two thumbs down.'""","Tallahassee, FL"
Thu Apr 25 23:53:08 +0000 2019,Mercedes Benz 5K  corporate run completed #mbcr2019 #crystalcapitalpartners @ Bayfront Park Miami ,"Miami, FL"
Thu Apr 25 23:53:07 +0000 2019,"  I just assumed  lol'""","Tampa, FL"
Thu Apr 25 23:53:05 +0000 2019,"/ poetry (30/30_2019): #24\\n\\nA woman in Texas, still in mourning, \\nsearches for answers to questions\\nno one bothers\ ","Florida, USA"
Thu Apr 25 23:53:05 +0000 2019,I thought i was the only one ,"Florida, USA"
Thu Apr 25 23:53:04 +0000 2019," My condolences to you and your family. My prayers \ go out to you for strength during this enduring period'""","Florida, USA"
Thu Apr 25 23:53:04 +0000 2019,He needs to be gone...sickening. ,"Lake Mary, FL"
Thu Apr 25 23:53:04 +0000 2019,Mood when your wedding is less than 40 hours away \ #427 @ Larios on the Beach ,"Miami Beach, FL"
Thu Apr 25 23:53:03 +0000 2019," Quinnen to Buffalo'""","Villages of Oriole, FL"
