Date,Tweet
Date,eet'
Mon Jun 15 00:00:00 PDT 2009," awh  you\'ll be fine. Just keep going hey. Battle on through. I have two chemistry exams tomorrow. Yukyukyukkkk\\n""]'"
Mon Jun 15 00:00:02 PDT 2009,"feels... like my heart just stopped. or maybe that was just the music... \\n']"""
Mon Jun 15 00:00:03 PDT 2009,"damnit! my phone is still charging grr... & I\'m frickin tired \\n""]'"
Mon Jun 15 00:00:04 PDT 2009,"looks like tomorrow\'s fiesta might not happen....boooo!  \\n""]'"
Mon Jun 15 00:00:06 PDT 2009,"'""i think i am going to cry  happy tears tho\', \' but sad too.""\\n\']'"
Mon Jun 15 00:00:06 PDT 2009,"Ew i do not wanna be 19 at alllll.  i guess i have no choice...\\n']"""
Mon Jun 15 00:00:08 PDT 2009,"Gosh !! I\'m soo booored !!! x__x Where are you  my badass sister ?! \\n""]'"
Mon Jun 15 00:00:09 PDT 2009," YA HE DIDNT PLAY URE SONG \\n']"""
Mon Jun 15 00:00:11 PDT 2009,"my dog is gonna be 7... he\'s getting old  he has grey hairs on his little face\\n""]'"
Mon Jun 15 00:00:12 PDT 2009,"Hannah Montana\'s ending in 2010. \\n""]'"
Mon Jun 15 00:00:13 PDT 2009," Minotaur was a member of the slash community... Just found out that he died... \\n']"""
Mon Jun 15 00:00:14 PDT 2009,"'""Just when I couldn\\\'t be more frustrated with because I\\\'m working late\', \' my pc crashes and I gotta reboot ""\\n\']'"
Mon Jun 15 00:00:21 PDT 2009,"Train repairs all summer. Up from 1 connection to 3. \\n']"""
Mon Jun 15 00:00:23 PDT 2009,"*yawwwwwwwwwns*....long day ahead. Boo.  See you guys in 12 hours time.\\n']"""
Mon Jun 15 00:00:23 PDT 2009,"'""  Gotta love it when that happens. I\\\'d recommend switching everything to linux\', \' but we\\\'re having issues with that too ""\\n\']'"
Mon Jun 15 00:00:23 PDT 2009," so horrible  I hate everything all the way from the marketing campaign to the taste.\\n']"""
Mon Jun 15 00:00:28 PDT 2009,"AAAAAAAAUUUUUUUGGGGHHH spider crawled on my finger while txting \\n']"""
Mon Jun 15 00:00:31 PDT 2009," ewww that is way to early but i have to work out at 6 in the morn for like 3 freakn hours ugh!! i shld sleep but i wont lol ! \\n']"""
Mon Jun 15 00:00:34 PDT 2009,"'""Quite proud that I survived the weekend\', \' and now it\\\'s back to school run and as usual I\\\'m running late. Already shouted at 2 of the kids ""\\n\']'"
Mon Jun 15 00:00:36 PDT 2009,"'""India is out  .. I was so depressed last night\', \' I had to play Contra to cheer myself up!""\\n\']'"
Mon Jun 15 00:00:38 PDT 2009," How come Gabe\'s cute friend doesn\'t have a myspace?  lol\\n""]'"
Mon Jun 15 00:00:42 PDT 2009,"I\'m up!! Really don\'t feel like studying though \\n""]'"
Mon Jun 15 00:00:45 PDT 2009,"How many of you still have your Wisdom Teeth? I may have to get mine removed. \\n']"""
Mon Jun 15 00:00:49 PDT 2009,"#iremember having a crush on Romeo Santana from Steve Harvey  Also . R.i.P \\n']"""
Mon Jun 15 00:00:49 PDT 2009," - Yummm...i wish id still had it with me here. \\n']"""
Mon Jun 15 00:00:55 PDT 2009,"'""Just took a Shower. I\\\'m clean\', \' I feel good\', \' fresh. Lay in bed... Tick tock\', \' tick tock...Now I can\\\'t sleep ""\\n\']'"
Mon Jun 15 00:00:57 PDT 2009,"Sunstroke is NOT fun. \\n']"""
Mon Jun 15 00:00:57 PDT 2009," you gonna delete me too \\n']"""
Mon Jun 15 00:00:58 PDT 2009,"I have a huge headache \\n']"""
Mon Jun 15 00:01:00 PDT 2009,"30 minutes math  so Boring.\\n']"""
Mon Jun 15 00:01:04 PDT 2009,"waaaa - no bannister monkey updates \\n']"""
Mon Jun 15 00:01:05 PDT 2009,"I can\'t stop think about you... & your girlfriend \\n""]'"
Mon Jun 15 00:01:06 PDT 2009,"Hey just chillin a bit before going to school \\n']"""
Mon Jun 15 00:01:07 PDT 2009," bea i miss one-four  we\'re one year tomorrow! )\\n""]'"
Mon Jun 15 00:01:10 PDT 2009,"Invigelation is one of the most boring thing to do. I can hardly open my eyes anymore \\n']"""
Mon Jun 15 00:01:11 PDT 2009," Thanks \\n']"""
Mon Jun 15 00:01:12 PDT 2009,"has nothing but negative thoughts \\n']"""
Mon Jun 15 00:01:12 PDT 2009,"they say rain tomor sun today sun wednesday!!!!!!! If it rains tomor \\n']"""
Mon Jun 15 00:01:13 PDT 2009,"   i haven\'t seen a pair of cool dunks in what seems like forever. no one does it like rudy the qt.\\n""]'"
Mon Jun 15 00:01:16 PDT 2009," me eitherrr my mom be like u hunted!! Lol this weekend we out! B4 I leave for pr \\n']"""
Mon Jun 15 00:01:20 PDT 2009,"'""this is toture\', \' i really want a mac and a iphone now\', \' i hate being poor ""\\n\']'"
Mon Jun 15 00:01:23 PDT 2009," off our rockers a bit lately  also I can\'t directly get ahold of you outside twitter!\\n""]'"
Mon Jun 15 00:01:24 PDT 2009,"'""Came back from the P.S. The cop is back but denied to file the FIR\', \' said he will do some inquiry -  only God knows what is in his mind ""\\n\']'"
Mon Jun 15 00:01:24 PDT 2009,"Hates cleaning \\n']"""
Mon Jun 15 00:01:24 PDT 2009,"It\'s cold and i am walking to the other house.  bring back my summer!\\n""]'"
Mon Jun 15 00:01:28 PDT 2009,"twisted her ankle last night \\n']"""
Mon Jun 15 00:01:32 PDT 2009," that made my eyes tear up.  that is bad.  I\'m sorry.\\n""]'"
Mon Jun 15 00:01:32 PDT 2009," did i mention all the servers wear kilts? it\'s a little gimmicky but it\'s a fun place. not the same thing as bein\' there tho \\n""]'"
Mon Jun 15 00:01:36 PDT 2009,"sooooooo tired of ending the night in a empty bed \\n']"""
Mon Jun 15 00:01:40 PDT 2009,"'""this early\', \' I wanna shift to Fine Arts ... feel like m rly not that meant to be in communications.  ""\\n\']'"
Mon Jun 15 00:01:41 PDT 2009,"Drafting release/commit note IS PAINFUL!! SHOULD later write down the list somewhere before making dirty \\n']"""
Mon Jun 15 00:01:41 PDT 2009,"out of horse  \\n']"""
Mon Jun 15 00:01:42 PDT 2009,"#dontyouhateitwhen someone ruins everything for you? \\n']"""
Mon Jun 15 00:01:42 PDT 2009,"looks like i missed 11:11  - (i was going to wish for an A regarding my chemistry final tmrw!..i suppose i could settle for a B!..hahah)\\n']"""
Mon Jun 15 00:01:43 PDT 2009," awww where are the flowers? \\n']"""
Mon Jun 15 00:01:43 PDT 2009,"'""last week\', \' im so thankful! but gotta wake up early. oh noes ""\\n\']'"
Mon Jun 15 00:01:44 PDT 2009," hahaha i had to remove the link/tweet just in case!!! i felt guilty and bad \\n']"""
Mon Jun 15 00:01:45 PDT 2009,"'"" yes\', \' they sent me to the pokey before i could finish my song  ""\\n\']'"
Mon Jun 15 00:01:45 PDT 2009," that sucks \\n']"""
Mon Jun 15 00:01:47 PDT 2009,"'"" But your hair is gorgeous\', \' hon. Why you feeling pissed off  *hugs tight* Boo at the silly train.""\\n\']'"
Mon Jun 15 00:01:48 PDT 2009," Cold \\n']"""
Mon Jun 15 00:01:55 PDT 2009,"'""#* airlines - They left my bag @ EWR\', \' & with a 4 hr. connection\', \' 2 ""\\n\']'"
Mon Jun 15 00:01:56 PDT 2009,"i have pins n needles \\n']"""
Mon Jun 15 00:01:57 PDT 2009,"Dunno... wat to do \\n']"""
Mon Jun 15 00:01:58 PDT 2009," Dangit! My market is blown! That\'s a super small market. \\n""]'"
Mon Jun 15 00:02:05 PDT 2009,"did a thing which is making me feel regret......... \\n']"""
Mon Jun 15 00:02:05 PDT 2009,"is about to go to school \\n']"""
Mon Jun 15 00:02:06 PDT 2009,"time for college. \\n']"""
Mon Jun 15 00:02:06 PDT 2009,"    this is just not your day\\n']"""
Mon Jun 15 00:02:07 PDT 2009,"back to work. bummer! \\n']"""
Mon Jun 15 00:02:11 PDT 2009,"dam weekend is over back to fucking school tomorrow...  good night bitches\\n']"""
Mon Jun 15 00:02:14 PDT 2009,"'""watching the most disturbing movie ever\', "" 2001 maniacs. it\'s horrible"", \' but i can\\\'t stop watching. ""\\n\']'"
Mon Jun 15 00:02:15 PDT 2009,"I want a 4th meal \\n']"""
Mon Jun 15 00:02:17 PDT 2009,"#dontyouhateitwhen you get paper to print pictures on to iron on to a shirt but your MS Word won\'t invert the picture? \\n""]'"
Mon Jun 15 00:02:17 PDT 2009,"  - it looks amazing! i wish i cud c it... \\n']"""
Mon Jun 15 00:02:19 PDT 2009,"there was a lil mouse in mi room..n he ran into the kitchen n got caught on da trap...he\'s small..n kinda cute..but now he is gonna die \\n""]'"
Mon Jun 15 00:02:21 PDT 2009,"'"" I\\\'ve never seen it  ~it\\\'s a sad. But I will see it definately\', \' I love his albums of the past years\', \' it\\\'s all gold.""\\n\']'"
Mon Jun 15 00:02:22 PDT 2009,"'""Just now leaving! 711 then close adrenalynn\\\'s place\', \' a drive home then gettin up early to pay a ticket.... ""\\n\']'"
Mon Jun 15 00:02:23 PDT 2009," Monday mornings are the absolute pits \\n']"""
Mon Jun 15 00:02:23 PDT 2009," gave me the hiccups. What a jerkface \\n']"""
Mon Jun 15 00:02:24 PDT 2009," chips and dip!!!!! that sounds ever so amazing. Im hungry again  always hungry\\n']"""
Mon Jun 15 00:02:25 PDT 2009,"  i feel for you   warm 7 up is bad eww ..lol\\n']"""
Mon Jun 15 00:02:28 PDT 2009,"'""Work was very good. *Hi cutie! I got paid. Downfall\', \' I locked my keys inside the car!?  However\', \' I am finally going to see \\\'UP\\\' tmrw! ""\\n\']'"
Mon Jun 15 00:02:29 PDT 2009,"kient is not onlineeeeeeeeee  -_-  -_-  -_-\\n']"""
Mon Jun 15 00:02:30 PDT 2009," Oh no \\n']"""
Mon Jun 15 00:02:31 PDT 2009," My makeup so pretty I don\'t want to wash it off! \\n""]'"
Mon Jun 15 00:02:34 PDT 2009,"'""tearing up after that episode of cold case\', \' rip andre ""\\n\']'"
Mon Jun 15 00:02:37 PDT 2009,"'"" damit! I sometimes go 2 days without food so no one would sponsor me  great cause though\', \' good luck!!!!!!!!!""\\n\']'"
Mon Jun 15 00:02:38 PDT 2009," its not there yet? \\n']"""
Mon Jun 15 00:02:38 PDT 2009,"Forecast says it\'s going to rain today. \\n""]'"
Mon Jun 15 00:02:42 PDT 2009,"is back on Twitter with the awesome power of my SpaceBerry...where in the world is  I miss her!!! \\n']"""
Mon Jun 15 00:02:43 PDT 2009," This is lame. I don\'t wanna go to bed. Hmph.  I had 8 hours of uninterrupted sleep last night.. I\'m not braggin. jst sayin.\\n""]'"
Mon Jun 15 00:02:46 PDT 2009,"school dawns upon me once more  really can\'t be bothered but first two periods are the best! religious moral And philosophical studies!woo\\n""]'"
Mon Jun 15 00:02:50 PDT 2009,"'"" i so wish u did!  i cant sleep! I have so much on my mind\', \' im lonely & missing people & its storming!!! HELP!!!""\\n\']'"
Mon Jun 15 00:02:50 PDT 2009," charm will not work against tyrants  #iranElection\\n']"""
Mon Jun 15 00:02:51 PDT 2009,"'""Headin to sleep now\', \' wish mah hubby was by mah side ni cud hold him oh so tight! ""\\n\']'"
Mon Jun 15 00:02:53 PDT 2009,"'""I am thinking that in the words of Jewel: ""it doesn\\\'t take a talent to be mean\', \' your words can crush things that are unseen..."" ""\\n\']'"
Mon Jun 15 00:02:57 PDT 2009,"@ ginadoles my dad effed it up \\n']"""
Mon Jun 15 00:02:58 PDT 2009,"Happy birthay to u! I wonder where u r and when I will see u again \\n']"""
Mon Jun 15 00:02:58 PDT 2009," yeah that\'s how it feels. \\n""]'"
Mon Jun 15 00:02:58 PDT 2009," middle east has been fighting since the beginning of time. not going to stop any time soon \\n']"""
Mon Jun 15 00:02:58 PDT 2009,"  babylove get ahold of me. What happened? I loves you\\n']"""
Mon Jun 15 00:03:07 PDT 2009," Dude! I think I have lost it! I did not laugh at that joke!! I logging off twitter for sometime!! \\n']"""
Mon Jun 15 00:03:09 PDT 2009,"'""floating in the pool... i\\\'ll miss you\', \' beautiful condo building ""\\n\']'"
Mon Jun 15 00:03:12 PDT 2009,"feeling nauseated \\n']"""
Mon Jun 15 00:03:14 PDT 2009,"'""it\\\'s weird not seeing Brittany... and her nightly routine  ""Oh no\', \' it\\\'s DRIPPING!"" <3""\\n\']'"
Mon Jun 15 00:03:14 PDT 2009,"ugh to much on my mind for me to sleep \\n']"""
Mon Jun 15 00:03:14 PDT 2009,"I\'m glad I can complain to Cait. I have very few friends I can really talk to about personal shit. I wish Chelsea was online more as well \\n""]'"
Mon Jun 15 00:03:17 PDT 2009,"'""5 days? 5 days? Seriously?  \\\'he walks away\', \' the colors start to fade...\\\'""\\n\']'"
Mon Jun 15 00:03:18 PDT 2009,"one more day off...back to work on Tuesday...gettin\' the ""finished-with-vacation-going-back-to-real-world"" blues... \\n""]'"
Mon Jun 15 00:03:19 PDT 2009,"Monday morning nooooo! I don\'t wanna go work. I don\'t wanna go work!!! \\n""]'"
Mon Jun 15 00:03:23 PDT 2009,"Aaand staying at the Atlantean\'s apartment tonight. He\'s sleeping at his gf\'s though. He won\'t be on next year and I won\'t get to see him \\n""]'"
Mon Jun 15 00:03:25 PDT 2009,"Time for work \\n']"""
Mon Jun 15 00:03:30 PDT 2009,"Cant find the way to save a photo on twitter \\n']"""
Mon Jun 15 00:03:33 PDT 2009,"Oh.. im so mad its over. I didnt want kobe to get that ring \\n']"""
Mon Jun 15 00:03:38 PDT 2009,"'""Please don\\\'t be nasty to  \'they would have a good reason for cancelling\', ""I know we\'re all upset right now"", \'but please don\\\'t be hateful ""\\n\']'"
Mon Jun 15 00:03:42 PDT 2009,"doesn\'t want to go work \\n""]'"
Mon Jun 15 00:03:43 PDT 2009,"A new week...with an exam  and my birthday!! \\n']"""
Mon Jun 15 00:03:50 PDT 2009,Or... Maybe I just don\'t have enough friends to share d tweets...   
Mon Jun 15 00:03:59 PDT 2009," i bet you do but ummmmm would hate me if i went to bed??  i\'m sorry i\'m weak lol\\n""]'"
Mon Jun 15 00:04:01 PDT 2009,"  i wish i could come guys! \\n']"""
Mon Jun 15 00:04:07 PDT 2009,"'""I hv no idea what to buy  if u were a guy\', \' what would u expect ur gf to buy u?""\\n\']'"
Mon Jun 15 00:04:09 PDT 2009,"'"" What\\\'s up\', \' and where are you? ""\\n\']'"
Mon Jun 15 00:04:10 PDT 2009,"I read Ryan\'s tweets and he is in Boston for the auditions. I take it as Paula isn\'t doing Idol this year because she is still in Vegas \\n""]'"
Mon Jun 15 00:04:11 PDT 2009,"these meds are making me feel sick. cant sleep. \\n']"""
Mon Jun 15 00:04:13 PDT 2009,"is searching for the ""dislike"" button on Facebook for having to work on a Sunday evening. Boo! \\n']"""
Mon Jun 15 00:04:15 PDT 2009,"bored out of my mind! \\n']"""
Mon Jun 15 00:04:19 PDT 2009,"bed finally! My baby had the best birthday! can\'t believe he\'s 3 already! where does the time go?!   good day... now good night xo\\n""]'"
Mon Jun 15 00:04:25 PDT 2009,"'""i hope i get a phone.  i really want 1 like  [blackberry] so i can keep up with this sh..stuff. ha\', \' when im in the city that is""\\n\']'"
Mon Jun 15 00:04:25 PDT 2009,"Blogger is down for maintenance \\n']"""
Mon Jun 15 00:04:28 PDT 2009,"Off to cook some smth. edible 14-03!!! I can\'t even call it brunch \\n""]'"
Mon Jun 15 00:04:29 PDT 2009,"misses Jason really bad \\n']"""
Mon Jun 15 00:04:29 PDT 2009,"is i want to find my edward cullen \\n']"""
Mon Jun 15 00:04:30 PDT 2009,"fucken francis and roy  fucked up my cod 5 cd\\n']"""
Mon Jun 15 00:04:31 PDT 2009,"  lets not talk about it it alrady hurts even thinking about it !\\n']"""
Mon Jun 15 00:04:32 PDT 2009," I miss those days tough... \\n']"""
Mon Jun 15 00:04:34 PDT 2009,"nothing to do  yesshhh no homework 2nite bitchesss\\n']"""
Mon Jun 15 00:04:36 PDT 2009,"starting to feel sick again.  hopefully I can sleep it off\\n']"""
Mon Jun 15 00:04:36 PDT 2009,"I also wonder if he lost interest in me somewhere along the way \\n']"""
Mon Jun 15 00:04:36 PDT 2009,"so fed up with not being able to test my diabetes   i cant press that bloody button \\n']"""
Mon Jun 15 00:04:37 PDT 2009, ohh I need to sleeep but I can\'t uhhhh :
Mon Jun 15 00:04:37 PDT 2009," i\'m thinkin i will get my friend to tape it off foxtel when it starts the 28th!! othawise its wait till dvd... \\n""]'"
Mon Jun 15 00:04:40 PDT 2009," Ooooh...that stinks! \\n']"""
Mon Jun 15 00:04:41 PDT 2009," no good Marina  i doubt wether Shia would be angry at you\\n']"""
Mon Jun 15 00:04:41 PDT 2009," I LOATHE packing... And how ridiculous is it that we are never in the same state/ coast at the same time \\n']"""
Mon Jun 15 00:04:41 PDT 2009,"needs to do homework  i shall run twitter in the background.\\n']"""
Mon Jun 15 00:04:44 PDT 2009,"'""Omfg\', \' I\\\'m going to be FAT during the METALLICA TOUR & can\\\'t go! UGH  ..sdl;fkjsad""\\n\']'"
Mon Jun 15 00:04:45 PDT 2009,"  heartbroken cause your so mean!\\n']"""
Mon Jun 15 00:04:46 PDT 2009,"'""What is it now\', \' 3 yrs? Valenti World Ver  Gnite.""\\n\']'"
Mon Jun 15 00:04:47 PDT 2009,"5 more long weeks of school ... \\n']"""
Mon Jun 15 00:04:47 PDT 2009,"Why u sad? ----------  JUICYMOana:     Tip: Reply with\\n']"""
Mon Jun 15 00:04:48 PDT 2009,"Had a good sleep but still down about 10hrs 4 this weekend so thats why im yawning then! finished all my home brew \\n']"""
Mon Jun 15 00:04:48 PDT 2009,"'""Got to work early today\', \' the only trouble with being punctual is there\\\'s nobody there to appreciate it ""\\n\']'"
Mon Jun 15 00:04:50 PDT 2009,"  i do the same thing.\\n']"""
Mon Jun 15 00:04:50 PDT 2009,"chuck just peed on my leg/bed  hello couch\\n']"""
Mon Jun 15 00:04:55 PDT 2009," gee it always happens in Sydney \\n']"""
Mon Jun 15 00:04:56 PDT 2009,"i dont know what i am going to do. \\n']"""
Mon Jun 15 00:05:00 PDT 2009,"'""Clare and jack aren\\\'t on the bus so I think I\\\'m going to have to make awkward\', \' forced conversation with people  or over-tweet on here...""\\n\']'"
Mon Jun 15 00:05:02 PDT 2009," sigh I couldn\'t watch  \\n""]'"
Mon Jun 15 00:05:02 PDT 2009,"3000 words by end of day. will I make it? \\n']"""
Mon Jun 15 00:05:07 PDT 2009,"just fell asleep in the canteen. wana go home \\n']"""
Mon Jun 15 00:05:16 PDT 2009," i want some!!!...i think im pregnant cause im always hungry \\n']"""
Mon Jun 15 00:05:16 PDT 2009," no  calling the rental place tomorrow to beg forgiveness!!\\n']"""
Mon Jun 15 00:05:17 PDT 2009,"when will this hurting stop?? ik vakantie \\n']"""
Mon Jun 15 00:05:17 PDT 2009,"On my way to college! Have lots of work to do \\n']"""
Mon Jun 15 00:05:18 PDT 2009,"Off to work.....meetings all day \\n']"""
Mon Jun 15 00:05:20 PDT 2009,"'""TV remote has officially gone MIA\', \' have to get up to turn off TV     Why is there not a \\\'TV remote\\\' pager button on TV\\\'s???""\\n\']'"
Mon Jun 15 00:05:21 PDT 2009,"Not feeling too good this morning. It must be something I ate last night...yes it must have been that curry \\n']"""
Mon Jun 15 00:05:21 PDT 2009,"#iRemember Being able to dunk \\n']"""
Mon Jun 15 00:05:22 PDT 2009,"CMA has come to an end  - I must return home to reality \\n']"""
Mon Jun 15 00:05:22 PDT 2009,"'"" my fishies are: Bubble\', \' Halo\', \' Buzzca and Power. oh dear poor Toby  take her to the vet! that pink lump sounds likea tumor to me""\\n\']'"
Mon Jun 15 00:05:23 PDT 2009,"One of my friends James said that all celebs are faggots... I TOTALLY DISAGREE!  \\n']"""
Mon Jun 15 00:05:25 PDT 2009,"Watching tv how boring \\n']"""
Mon Jun 15 00:05:25 PDT 2009,this episode of JONAS makes me sad  i hate penny BITCH  :
Mon Jun 15 00:05:26 PDT 2009,"missed the Lakers win the finals cuz I was on set of a film shoot. poo. Probably why they won  lol\\n']"""
Mon Jun 15 00:05:30 PDT 2009,"'"" we had the noodle thing made with all the diff bits\', \' a v fishy fish curry and a delicious biryani. They ran out of a lot ""\\n\']'"
Mon Jun 15 00:05:32 PDT 2009,"'""ughh i feel kinda gross  going to watch a movie\', \' then sleep. drivers test in the morning agh""\\n\']'"
Mon Jun 15 00:05:32 PDT 2009," hey whats going on \\n']"""
Mon Jun 15 00:05:36 PDT 2009,"Raped by planet hollywood today. \\n']"""
Mon Jun 15 00:05:40 PDT 2009,"just got home from work.. for the second time.. and i am tired \\n']"""
Mon Jun 15 00:05:40 PDT 2009,"I don\'t wanna go to college man  it\'s the most boring place in the universe :/\\n""]'"
Mon Jun 15 00:05:41 PDT 2009," i know  it sucks sometimes. but all we can do is try harder (:\\n']"""
Mon Jun 15 00:05:42 PDT 2009," i feel that your head sounding is partially my fault because of that futon haha sorry  ~Jarron~\\n']"""
Mon Jun 15 00:05:43 PDT 2009,"'"" no..no..it\\\'s not ur fault.  It\\\'s just we havn\\\'t talked all day\', \' and if we dont talk a part of me goes crazy. ""\\n\']'"
Mon Jun 15 00:05:45 PDT 2009,"I\'m not used to having to get up for work on a Monday  I\'m a Tues-Sat kinda girl!\\n""]'"
Mon Jun 15 00:05:48 PDT 2009," \\n']"""
Mon Jun 15 00:05:49 PDT 2009,"somebody stole my club sandwich \\n']"""
Mon Jun 15 00:05:55 PDT 2009,"'""I\\\'m hungry\', \' can\\\'t snack late though I don\\\'t want to be fat ""\\n\']'"
Mon Jun 15 00:05:55 PDT 2009,"'"" lol\', \' good luck! i dont think i will ""\\n\']'"
Mon Jun 15 00:05:58 PDT 2009,"First time I\'ve ever broken 40 bucks fueling a car.  not a good milestone\\n""]'"
Mon Jun 15 00:06:01 PDT 2009," how was the pride! Ours here was kinda lame... \\n']"""
Mon Jun 15 00:06:05 PDT 2009,"Well I\'m 27 now in az \\n""]'"
Mon Jun 15 00:06:08 PDT 2009," It\'s now or never for the iranians! Be heard or be crushed! \\n""]'"
Mon Jun 15 00:06:09 PDT 2009,"college results today.... so nervous \\n']"""
Mon Jun 15 00:06:10 PDT 2009,"'""is looken at pics of my jd\', \' relfecting on that i now an EX junior dragster driver  bring on MODIFIED""\\n\']'"
Mon Jun 15 00:06:10 PDT 2009,"'""i am not disappointed with India being out of the WC t20..\', \' but with the fact that they just managed to defeat bangladesh n ireland..!! ""\\n\']'"
Mon Jun 15 00:06:11 PDT 2009,"Oh right...all the clock-watching I was doing meant I wasn\'t actually working \\n""]'"
Mon Jun 15 00:06:11 PDT 2009,"Heading back to work \\n']"""
Mon Jun 15 00:06:11 PDT 2009,"You never appreciate something til u loose it..id lie if i said it doesnt hurt loosing u \\n']"""
Mon Jun 15 00:06:15 PDT 2009,"another week another boring five days at work \\n']"""
Mon Jun 15 00:06:17 PDT 2009,"'"" faaaaavorite! .. grant\', \' not you\', \' lol. was so happy to see him tonight! even if he did torment me with guitar picks. bye\', \' cma fest! ""\\n\']'"
Mon Jun 15 00:06:18 PDT 2009,"'""The weekend is over . Oh well\', \' back to it i suppose ""\\n\']'"
Mon Jun 15 00:06:19 PDT 2009,"'""after a much needed & fun vacay\', \' i start summer school tomorrow\', \' and i am not ready at all. ""\\n\']'"
Mon Jun 15 00:06:25 PDT 2009,"they are going to execute the wrong guy!  he has such a friendly face\\n']"""
Mon Jun 15 00:06:26 PDT 2009," Cold  (via  | Brrrrrrr! It may be warmer here but it ain\'t time to get the sunscreen out yet here ;)\\n""]'"
Mon Jun 15 00:06:26 PDT 2009,"hey this is abby we hate kristen cavallari shes such a bitch  lauren conrad belongs on the show also screw speidi freaking assholes fakes\\n']"""
Mon Jun 15 00:06:28 PDT 2009,"get out from under my bed \\n']"""
Mon Jun 15 00:06:38 PDT 2009," omg you were in my city and I didn\'t know \\n""]'"
Mon Jun 15 00:06:38 PDT 2009,"I am not in the office. I have handyman rebuildingthe sink in my house. \\n']"""
Mon Jun 15 00:06:39 PDT 2009,"Home  ... Grocery Shopping \\n']"""
Mon Jun 15 00:06:41 PDT 2009," these cracked up people are following me and i cnt get rid of them \\n']"""
Mon Jun 15 00:06:41 PDT 2009,"now you\'re here and it makes me cry. I still love you R \\n""]'"
Mon Jun 15 00:06:42 PDT 2009,"  >=/ ! no wayyy \\n']"""
Mon Jun 15 00:06:43 PDT 2009,"Just watched the movie \'taken\'   and now i cant sleep  -Steph\\n""]'"
Mon Jun 15 00:06:43 PDT 2009,"going to clean up my busted sandbag.. \\n']"""
Mon Jun 15 00:06:45 PDT 2009,"earache!!!  someone should entertain me<3\\n']"""
Mon Jun 15 00:06:48 PDT 2009,"'""Is so tired. Thanks Gary\', \' Gin\', \' Claire\', \' David et al for robbing me of my much needed sleep. ""\\n\']'"
Mon Jun 15 00:06:50 PDT 2009,"'""yaaaay\', \' no coursework done :| i thought i broke my arm this morning\', \' paaaaain. need to get ready\', \' school today D: balls. rubbish lessons ""\\n\']'"
Mon Jun 15 00:06:52 PDT 2009,"'"" not much\', \' been trying to clean my house today\', \' but haven\\\'t gotten much done  .. going to attempt another pouch tonight ""\\n\']'"
Mon Jun 15 00:06:53 PDT 2009," that would be nice.. any beverage would since i\'m way thirsty \\n""]'"
Mon Jun 15 00:06:53 PDT 2009,"shouldn\'t have stayed in the sun all day \\n""]'"
Mon Jun 15 00:06:53 PDT 2009,"not enough sleep. Gym and London next \\n']"""
Mon Jun 15 00:06:54 PDT 2009,says i can\'t get over you.  
Mon Jun 15 00:06:56 PDT 2009,"'""Sims 3! Sims 3\', \' Sims 3! Now off to work for a few hours ""\\n\']'"
Mon Jun 15 00:06:58 PDT 2009,"'""geez\', \' noones awake?? ugh monday  i hate mondays even tho im done with school.""\\n\']'"
Mon Jun 15 00:07:02 PDT 2009,"  That doesn\'t sound promising at all\\n""]'"
Mon Jun 15 00:07:02 PDT 2009," So sorry for your loss.  \\n']"""
Mon Jun 15 00:07:04 PDT 2009,"Sorry for the previous twit please help us find or let us kno if u see him my brothers super sad \\n']"""
Mon Jun 15 00:07:11 PDT 2009,"I want Reese to be an ""Ate"" \\n']"""
Mon Jun 15 00:07:14 PDT 2009,"in what is starting to feel like my natural habitat... an airport terminal \\n']"""
Mon Jun 15 00:07:15 PDT 2009,"'""Morning all\', \' very sunny here\', \' getting ready for the school run. Lots to do today\', \' ""\\n\']'"
Mon Jun 15 00:07:16 PDT 2009,"shorter term break \\n']"""
Mon Jun 15 00:07:21 PDT 2009,"'"" haha\', \' yeah  I was talking with a friend\', \' and then watched True Blood... my eyes can\\\'t stay open much longer""\\n\']'"
Mon Jun 15 00:07:25 PDT 2009,"monday already \\n']"""
Mon Jun 15 00:07:28 PDT 2009,"Ouch. Just burnt my fingers \\n']"""
Mon Jun 15 00:07:29 PDT 2009," no good  why would he be mad?\\n']"""
Mon Jun 15 00:07:29 PDT 2009,"oooooooooh my my neck is aching now \\n']"""
Mon Jun 15 00:07:30 PDT 2009,"i now have 51 stalkers/followers \\n']"""
Mon Jun 15 00:07:30 PDT 2009," Im not a fan of true blood  bcuz i\'ve never watched it... haha\\n""]'"
Mon Jun 15 00:07:34 PDT 2009,"well that was kinda disappointing. that puzzle game only has 30 levels. and i beat it in a little over an hour \\n']"""
Mon Jun 15 00:07:36 PDT 2009,"No internet means no twitter at w/e   Office is not in a good this morning.\\n']"""
Mon Jun 15 00:07:41 PDT 2009," I am lost. Please help me find a good home. \\n']"""
Mon Jun 15 00:07:41 PDT 2009,"dont want to get out of bed today \\n']"""
Mon Jun 15 00:07:44 PDT 2009," Last time I got checked I got news I didnt like \\n']"""
Mon Jun 15 00:07:46 PDT 2009,"is still lost and confused.  just give me a sign.  any sign please... \\n']"""
Mon Jun 15 00:07:46 PDT 2009,"sleep too much  such a pig \\n']"""
Mon Jun 15 00:07:53 PDT 2009,"'""LOL OMG what happened to you\', \' matt corby?   aha""\\n\']'"
Mon Jun 15 00:07:58 PDT 2009,"OMG i cant cope.. cant move off this sofa cause of bloody tummy pains + ive done NO revision for this exam  i can see this ending badly!\\n']"""
Mon Jun 15 00:07:59 PDT 2009," Wtf? gn?? sn?? c3??? if only 23 dollars could stretch to 30 i would \\n']"""
Mon Jun 15 00:08:00 PDT 2009,"#iranelection It\'s now or never for the Iranians! Be heard or be crushed! \\n""]'"
Mon Jun 15 00:08:07 PDT 2009," ill be gone in 4 hours  xx\\n']"""
Mon Jun 15 00:08:11 PDT 2009,"I thought I was free from this anxiety  ""I\'ll be the last one to find out why/time takes it\'s toll on us/this changes everything"" ~circa\\n""]'"
Mon Jun 15 00:08:15 PDT 2009,"wish i was seeing  and  tonight \\n']"""
Mon Jun 15 00:08:18 PDT 2009,"'""testweek\', \' here I come. ""\\n\']'"
Mon Jun 15 00:08:18 PDT 2009,"i dont feel well  but on the bright side i did make a 4 layer cake yesterday with butter cream middle i wounder if it taste nice?\\n']"""
Mon Jun 15 00:08:19 PDT 2009,"well im up  s\'gony rain ehday  and some wummin has kicked eh bucket cos of swine flu In scotland  All you Port high childen uh oh lol\\n""]'"
Mon Jun 15 00:08:19 PDT 2009," OMG how could you and after everything we went thru \\n']"""
Mon Jun 15 00:08:19 PDT 2009," Yea  And to make it worse I thought it was Tuesday\\n']"""
Mon Jun 15 00:08:22 PDT 2009,"blocked ang facebook sa office! Bummer! Good thing I can still check it on my itouch! hehe! wala nga lang resto city. \\n']"""
Mon Jun 15 00:08:22 PDT 2009,"No power in office since morning. Battery back died now \\n']"""
Mon Jun 15 00:08:23 PDT 2009,"is wishing the best for my bestie. \\n']"""
Mon Jun 15 00:08:25 PDT 2009,"not feeling well   hope I feel better for the show tomorrow night at the mint...either way I\'m still playing no matter what\\n""]'"
Mon Jun 15 00:08:27 PDT 2009," p.s. Is true blood any good? I haven\'t looked into HBO since big love went on hiatus \\n""]'"
Mon Jun 15 00:08:29 PDT 2009,"i should realy get a new ipod. my music doesn fit anymore. \\n']"""
Mon Jun 15 00:08:33 PDT 2009,"i wanna get thru today... \\n']"""
Mon Jun 15 00:08:33 PDT 2009,"'""not very sunny today  however\', \' going on a bike ride at 9\', \' but for now: shower and hoovering :/""\\n\']'"
Mon Jun 15 00:08:37 PDT 2009," aww frankie that sucks \\n']"""
Mon Jun 15 00:08:35 PDT 2009,"'""OMG\', \' the train I was in hit a person! I hope he\\\'ll survive... Really sets things in perspective ""\\n\']'"
Mon Jun 15 00:08:35 PDT 2009,"nightmare! have to be to work at 7 dont think Im going back to sleep \\n']"""
Mon Jun 15 00:08:38 PDT 2009,"ZOMG watched Ghost hunting with McFly again! and I have realised how dopy I am  dang mind tricks \\n']"""
Mon Jun 15 00:08:39 PDT 2009,"There was no sex in it though \\n']"""
Mon Jun 15 00:08:44 PDT 2009,"is sad she didn\'t catch Tablo online  (DAMN those thirty minutes I had to go have lunch) >_<\\n""]'"
Mon Jun 15 00:08:47 PDT 2009," I know the feeling...I hate having to go to work knowing that I should stay home and take care of my baby \\n']"""
Mon Jun 15 00:08:49 PDT 2009,"and we enter minute number 14 on the phone to telstra. I did possibly forget about that $1000 I owed \\n']"""
Mon Jun 15 00:08:50 PDT 2009,"'""  - need to talk to you\', \' please ""\\n\']'"
Mon Jun 15 00:08:50 PDT 2009,"I have my first A2 exam this afternoon. I think i\'m going to fail! Essay writing for 2 1/2 hours . I won\'t be leaving school til 4pm \\n""]'"
Mon Jun 15 00:08:58 PDT 2009,"'""[F word] I don\\\'t want to wait for the 3G iPod Touch to come out in September.   I want to get it now\', \' but I\\\'ll regret it.............""\\n\']'"
Mon Jun 15 00:09:01 PDT 2009,"Weekends over  - Back  To Schoooolio for Another Week\\n']"""
Mon Jun 15 00:09:02 PDT 2009," they dont sell em in india  \\n']"""
Mon Jun 15 00:09:02 PDT 2009," i watched quarentine all by myself!  \\n']"""
Mon Jun 15 00:09:10 PDT 2009," is tht wea yu at noww? im frm there buhh i dnt live there anymore \\n']"""
Mon Jun 15 00:09:11 PDT 2009,"Just stopped playing mario and was one world awa y from beating the game! \\n']"""
Mon Jun 15 00:09:11 PDT 2009,"I don\'t like when people eat turtle \\n""]'"
Mon Jun 15 00:09:12 PDT 2009,"Just moved to sac not as easy to get a job as I had hoped for  still looking.\\n']"""
Mon Jun 15 00:09:18 PDT 2009," I have a writers block \\n']"""
Mon Jun 15 00:09:21 PDT 2009,"On the train. The weather is so depressing today \\n']"""
Mon Jun 15 00:09:21 PDT 2009,"'""It\\\'s sad\', \' but Monday seems to win again. No motivation at all ""\\n\']'"
Mon Jun 15 00:09:25 PDT 2009,"3rd day n I can\'t find my house keys... I lost it again. \\n""]'"
Mon Jun 15 00:09:30 PDT 2009,"is having a bad sore throat and a slight fever. The haze sucks \\n']"""
Mon Jun 15 00:09:31 PDT 2009,"wanna go to the beeeach \\n']"""
Mon Jun 15 00:09:33 PDT 2009,"headache  .. goodnight twitter x0\\n']"""
Mon Jun 15 00:09:34 PDT 2009,"Why does even a single extra day off over the weekend make going back to work today so much more unbearable \\n']"""
Mon Jun 15 00:09:35 PDT 2009,"Fucked up again  \\n']"""
Mon Jun 15 00:09:39 PDT 2009,"I need to sleep but oddly I\'m not tired. \\n""]'"
Mon Jun 15 00:09:40 PDT 2009,"sunday nights always feels so lonely \\n']"""
Mon Jun 15 00:09:41 PDT 2009,"'""School today\', \' not fair ""\\n\']'"
Mon Jun 15 00:09:47 PDT 2009,"'""Still feeling sick\', \' cant really stomach anything\', \' just pops out again ""\\n\']'"
Mon Jun 15 00:09:50 PDT 2009,"hit the curb with the car today. now steering wheel is flubby... rain on top. What a start of the week. \\n']"""
Mon Jun 15 00:09:54 PDT 2009,"Ok i\'ll rise but i won\'t shine!  i\'m up early after going to sleep really late :\'( and i think i might have training today!\\n""]'"
Mon Jun 15 00:09:55 PDT 2009,"'"" first the record store\', \' now the bookstore...  I have to say\', \' I\\\'m not for it...  Makes me sad    What r we leaving behind?  :-/""\\n\']'"
Mon Jun 15 00:09:59 PDT 2009,"'"" I think its cool\', \' but it scares me ""\\n\']'"
Mon Jun 15 00:10:03 PDT 2009,"'"" if that\\\'s really her\', \' I just feel sorry for her. I\\\'ve had this done to me and I\\\'ve never been in this much pain over it. Jesus ""\\n\']'"
Mon Jun 15 00:10:04 PDT 2009,"There are builders In my kitchen - I can\'t eat anything  \\n""]'"
Mon Jun 15 00:10:05 PDT 2009,"really wants to find a home for dreamy  poor little kitty...\\n']"""
Mon Jun 15 00:10:07 PDT 2009," Oh   my team\'s OUT.. \\n""]'"
Mon Jun 15 00:10:09 PDT 2009,"'"" Morning\', \' my dear! Another Chemo?  How many will you have to go through?""\\n\']'"
Mon Jun 15 00:10:11 PDT 2009,":: Rather exhausted... Chilling at home with no internet  text me\\n']"""
Mon Jun 15 00:10:13 PDT 2009,"'""tired of being plagued with sadness\', \' pain\', \' and anger. make it go away. grrr. rawr.  maybe i should call on the Bananas. !! ? !! ~ Danc ...""\\n\']'"
Mon Jun 15 00:10:15 PDT 2009,"'""is mad\', \' everyone is texting me accept for the person I want to talk to ""\\n\']'"
Mon Jun 15 00:10:16 PDT 2009,"Humidity would be ok if not in suit. Man was born free but is everywhere in suits \\n']"""
Mon Jun 15 00:10:17 PDT 2009," Luuuucky Ireland.. we have rain \\n']"""
Mon Jun 15 00:10:19 PDT 2009,"'""It\\\'s photoshoot today\', \' but I\\\'m stuck in the office so won\\\'t be out on location ""\\n\']'"
Mon Jun 15 00:10:22 PDT 2009,"Is fucking JUICED!!! Watching a scary movie \\n']"""
Mon Jun 15 00:10:23 PDT 2009," very tired! Been up since 5 \\n']"""
Mon Jun 15 00:10:24 PDT 2009,"It\'s Monday \\n""]'"
Mon Jun 15 00:10:24 PDT 2009,"I cant fucking sleep. \\n']"""
Mon Jun 15 00:10:24 PDT 2009," wow him dying just made me tear up\\n']"""
Mon Jun 15 00:10:25 PDT 2009,"'""At long last I\\\'ve managed to clear my inbox down to 5 emails\', \' but have 140 that need some sort of action ""\\n\']'"
Mon Jun 15 00:10:27 PDT 2009,"'"" blips down for an hour\', \' maintenance.  good to see you!!""\\n\']'"
Mon Jun 15 00:10:27 PDT 2009,"I am going now everyone..HUGS to you all...xo    \\n']"""
Mon Jun 15 00:10:28 PDT 2009,"Work AGAIN! Where does the weekend go! \\n']"""
Mon Jun 15 00:10:32 PDT 2009,"'""jep\', \' monday blues.. not feeling so well..... ""\\n\']'"
Mon Jun 15 00:10:33 PDT 2009,"resigned to the fact that my room will not be cleaned today \\n']"""
Mon Jun 15 00:10:35 PDT 2009,"Is totally knackered! Didn\'t get to sleep till about 3  What the hell is going on?\\n""]'"
Mon Jun 15 00:10:37 PDT 2009,"Half way through my grounded punishment  2 more weeks to go.\\n']"""
Mon Jun 15 00:10:38 PDT 2009,"my bro said he would teach me guitar for my birthday 3 years ago and he still hasnt taught me \\n']"""
Mon Jun 15 00:10:41 PDT 2009,"Wishing it wasn\'t already Monday. I still have so much to do. \\n""]'"
Mon Jun 15 00:10:41 PDT 2009," I just realized that I wont be able to go with you to the baaaank tomorrow \\n']"""
Mon Jun 15 00:10:44 PDT 2009,"'""back at work after a great week-end... 7 weeks before holidays  But Mum is visiting me\', \' means movie and restaurant tonight!""\\n\']'"
Mon Jun 15 00:10:44 PDT 2009,"'"" quite tired\', \' went to Wales for the weeknd to see my Grandad in hospital\', \' lots of driving and didn\\\'t get back til late  x""\\n\']'"
Mon Jun 15 00:10:45 PDT 2009,"exhausted. i think my phone may be broken \\n']"""
Mon Jun 15 00:10:46 PDT 2009,"wishing i was going home for one of my best friends birthday this weekend \\n']"""
Mon Jun 15 00:10:46 PDT 2009,"'""hate mondays  skool was shit\', \' i was tired all day  cept for the morning cuz i was hypo then ""\\n\']'"
Mon Jun 15 00:10:47 PDT 2009,"Only 4 days left .. \\n']"""
Mon Jun 15 00:10:49 PDT 2009," re passport \\n']"""
Mon Jun 15 00:10:49 PDT 2009,"'""Glue all over my hands and construction paper in my hair\', \' but I\\\'m finally done! 3 hour till I have to get up for school  Good Night!""\\n\']'"
Mon Jun 15 00:10:52 PDT 2009,"Such a beautiful day...now I\'m home and I can\'t sleep  Baby Boo is sleeping over grandmas and I miss him so so so much!\\n""]'"
Mon Jun 15 00:10:56 PDT 2009,"'""Also\', \' I am a hypocrite. ""\\n\']'"
Mon Jun 15 00:10:58 PDT 2009,"'""#TweetDeck refuses to remember what messages I have marked as read. Every time I restart the application\', \' they\\\'re all unread  #fail""\\n\']'"
Mon Jun 15 00:11:00 PDT 2009,"'""vem sono\', \'veeeeeeeeem ""\\n\']'"
Mon Jun 15 00:11:03 PDT 2009," Hahaha it\'s okay I totally love you! I just doooooon\'t love Twilight...at all \\n""]'"
Mon Jun 15 00:11:04 PDT 2009,"'""I HATE when my snuggle routine is interrupted.  if i am home\', \' lucy and i must snuggle before bed. Ugh! And its soooo hot in here.""\\n\']'"
Mon Jun 15 00:11:08 PDT 2009,"'""You can lead a horse to water\', \' but you can\\\'t make it drink. Same goes for  trying to steer friends away from poor relationship choices ""\\n\']'"
Mon Jun 15 00:11:11 PDT 2009,"Finally! Here at San Diego! I really really really miss my boyfriend \\n']"""
Mon Jun 15 00:11:14 PDT 2009," one of my best friend mom just passed away \\n']"""
Mon Jun 15 00:11:16 PDT 2009,"I hate playing Kings \\n']"""
Mon Jun 15 00:11:17 PDT 2009,"Tired n sleepy.. Didn\'t know it would be so boring.. In bus now going back to hostel.. So jealous to those who saw the corpse today \\n""]'"
Mon Jun 15 00:11:17 PDT 2009,"Mental arithmatic in a bit  at least it\'s last exam...\\n""]'"
Mon Jun 15 00:11:18 PDT 2009,"'""off to bed\', \' got class tmrw hmph ""\\n\']'"
Mon Jun 15 00:11:19 PDT 2009,"'""another hot day in lunigiana.  As usual\', \' having trouble with broadband  ""\\n\']'"
Mon Jun 15 00:11:19 PDT 2009,"'""i\\\'LL just take a rest now instead of using my pc\', \'gonna die\', \'i want to surf!!i cnt even use my ipod to go onLine \', \'wi-fi cons.weak.badLuck ""\\n\']'"
Mon Jun 15 00:11:19 PDT 2009,"'""I really\', \' really hate Bellatrix\', \' and I really\', \' really miss Sirius  Siriusly...""\\n\']'"
Mon Jun 15 00:11:22 PDT 2009,"This might have been one of the worst nights of my life \\n']"""
Mon Jun 15 00:11:24 PDT 2009,"'""My ears are still ringing.  I need to sleep!! in Austin\', \' TX "
Mon Jun 15 00:11:24 PDT 2009," haha ef you jose  I would wanna babyy you last night haha cause you were sick! But I\'m pretty sure on his way to RJs.\\n""]'"
Mon Jun 15 00:11:24 PDT 2009," enjoy the A56 on your commute \\n']"""
Mon Jun 15 00:11:26 PDT 2009," I\'ve done that several times. Even with earlier releases of the plugin. Finally I went back to wp 2.7  Perhaps pb with php5 ?\\n""]'"
Mon Jun 15 00:11:30 PDT 2009,"Walking to Old St tube. Feel like poo. I think i drank too much guinness. \\n']"""
Mon Jun 15 00:11:31 PDT 2009,"'"" u were there too\', \' I didn\\\'t c u ""\\n\']'"
Mon Jun 15 00:11:33 PDT 2009,"The Taper has begun... tho\' to look at my plan you wouldn\'t know it \\n""]'"
Mon Jun 15 00:11:34 PDT 2009,"SARAH IS TAKING A SHOWER AND I HAVE TO PEEEEE! \\n']"""
Mon Jun 15 00:11:35 PDT 2009," Daaang Miss Thaaang. I\'m so J that you\'re doing big & cooler things than me.  Hahah Hope you\'re having fun in NY! Go Lakeres! :p\\n""]'"
Mon Jun 15 00:11:38 PDT 2009,"Good day of golf with   &  Weather was fantastic and  serious improvements. 5+ hr round \\n']"""
Mon Jun 15 00:11:39 PDT 2009," maybe he\'ll hook it up with some ROCK to keep me awake all night. \\n""]'"
Mon Jun 15 00:11:41 PDT 2009,"Playing some guitar  and still learning something \\n']"""
Mon Jun 15 00:11:42 PDT 2009,"SO i\'m starting to think that this no sleeping business is getting old.. it must be nice to NOT be awake all night \\n""]'"
Mon Jun 15 00:11:43 PDT 2009,"'""Just got home form Palm Springs\', \' sad that I had to leave early to take a final  Too exhausted to study tonight!""\\n\']'"
Mon Jun 15 00:11:50 PDT 2009,"'""This ladY was tolD she haD breAst caNcer\', \' it ended up being a mistake\', \' anD thEy took her woman hood\', \' they took her breasT!! G0d!!! ""\\n\']'"
Mon Jun 15 00:11:52 PDT 2009,"I missed  the train \\n']"""
Mon Jun 15 00:11:54 PDT 2009,"can\'t find my heart necklace still  and i\'m hungry!\\n""]'"
Mon Jun 15 00:12:02 PDT 2009,"  my dog chewed my water babyy.. wen u picked her up water was sprayin out of everyywhereee =[ ohh how i miss her\\n']"""
Mon Jun 15 00:12:05 PDT 2009,"'""3am\', \' sleepy\', \' flight tomorrow at 530pm. Blahhh. Wish I was already fast asleep with  ""\\n\']'"
Mon Jun 15 00:12:06 PDT 2009,"'"" I\\\'m terrible\', \' seriously. Sorry. ""\\n\']'"
Mon Jun 15 00:12:07 PDT 2009,"My fish Fred died \\n']"""
Mon Jun 15 00:12:12 PDT 2009,"'"" Dang it\', \' im the only one w/o hbo... ""\\n\']'"
Mon Jun 15 00:12:15 PDT 2009,"Have to be at work in like 5 hours and I can\'t sleep YEKES!! \\n""]'"
Mon Jun 15 00:12:24 PDT 2009," HI! how are you enjoying our ICT lesson? its ravishing isnt it  anywho. do some work dear.  LOVEYOU!\\n']"""
Mon Jun 15 00:12:25 PDT 2009," yep suitcase number 3  still gotta pack my shoes...my vintage clothes....my undies and all my hair stuff....\\n']"""
Mon Jun 15 00:12:27 PDT 2009,"ek.... toothache \\n']"""
Mon Jun 15 00:12:30 PDT 2009," I don\'t know   Maybe because there is too many of them and I burnt out the notifications?\\n""]'"
Mon Jun 15 00:12:31 PDT 2009,"Justin timberlake\'s ""All Over Again"" has me crying like a lil bitch right now \\n""]'"
Mon Jun 15 00:12:31 PDT 2009," its my mothers bday today and I am not in NC with her to help wish her a happy bday! I am goNna be sad today ugh!!\\n']"""
Mon Jun 15 00:12:34 PDT 2009,"am crying with my mum... i\'m have a breakdown.  can\'t take everythingg anymore.....\\n""]'"
Mon Jun 15 00:12:34 PDT 2009," Get it gurl! Watched 4 movies yesterday which brings my list to 23 watched movies. So gonna fail this year. \\n']"""
Mon Jun 15 00:12:35 PDT 2009,"I am not in the office. I have handyman rebuilding the sink in my house. \\n']"""
Mon Jun 15 00:12:35 PDT 2009,"I hate when I take naps until 3 a.m. I always get my days and nights mixed up. \\n']"""
Mon Jun 15 00:12:39 PDT 2009,"'"" uwah me sebeel bangedd. eh\', \' have i told you mreka pcran? huft. *another rumoor* mreka asian tour. cuman nga ke indoo. ""\\n\']'"
Mon Jun 15 00:12:40 PDT 2009,"'""I\\\'m beat.    what a long\', \' long\', \' long sunday!""\\n\']'"
Mon Jun 15 00:12:41 PDT 2009,"'""bugger me! domain name transfers must occur min 7 days before expiration\', \' which means it\\\'s too late to transfer  ""\\n\']'"
Mon Jun 15 00:12:42 PDT 2009,"On the way back home so hot wuff \\n']"""
Mon Jun 15 00:12:43 PDT 2009,"Think I only got about 4 hours sleep last night. Meh \\n']"""
Mon Jun 15 00:12:43 PDT 2009,"'"" Yanno\', \' I don\\\'t think I\\\'ve ever heard their music.. I live under a rock ""\\n\']'"
Mon Jun 15 00:12:43 PDT 2009,"tried playing shimmy a go go on guitar...too hard \\n']"""
Mon Jun 15 00:12:47 PDT 2009,"Sand is STILL coming out my phone \\n']"""
Mon Jun 15 00:12:48 PDT 2009," grrrr that Britney Got Fucked Chick keeps adding me as well \\n']"""
Mon Jun 15 00:12:50 PDT 2009,"'"" and Lone Star Stories has also closed\', \' right? ""\\n\']'"
Mon Jun 15 00:12:51 PDT 2009,"'""Well\', \' Twitthings\', "" I\'m down for the count"", \' being bushed doesn\\\'t even come close. Old injuries are rearing their ugly heads.  Moocho Pain...""\\n\']'"
Mon Jun 15 00:12:52 PDT 2009,"so... we have four days left.. this sucks \\n']"""
Mon Jun 15 00:12:53 PDT 2009,Really bad situation in Iran   
Mon Jun 15 00:12:54 PDT 2009,"India followed Aussies \\n']"""
Mon Jun 15 00:13:02 PDT 2009,"wish i could see the wilco concert \\n']"""
Mon Jun 15 00:13:02 PDT 2009,"Still not quite back on track with sleeping   It\'s 3 am (Matchbox 20?) and I\'m wide awake.\\n""]'"
Mon Jun 15 00:13:06 PDT 2009,"So much shit that I want... the new thing today is makeup haha Clinique foundation pweasss and new brushes \\n']"""
Mon Jun 15 00:13:08 PDT 2009,is feeling the heat. The aircon\'s not working well.  
Mon Jun 15 00:13:12 PDT 2009,"What a weather..  better get some bubble tea to  \\n']"""
Mon Jun 15 00:13:16 PDT 2009,"'""Fiance doing dress fitting today... I can\\\'t wait to see it on the day\', \' not alowed to see it before hand - ""\\n\']'"
Mon Jun 15 00:13:18 PDT 2009,"'"" nevermind but it seems to be a kool movie.In France EPMD is A reference 4 real hip-hop fans\', \'but here hip-hop is misunderstood ""\\n\']'"
Mon Jun 15 00:13:20 PDT 2009,"is so crankyyyy I wanna hit someoneeeeee \\n']"""
Mon Jun 15 00:13:23 PDT 2009," I need more info about this leg-waving malarky... cant get MotoGP over here.. \\n']"""
Mon Jun 15 00:13:25 PDT 2009,"Nobody wants to let me borrow their ID for ONE weekend? Jeez whats wrong with everyone? \\n']"""
Mon Jun 15 00:13:26 PDT 2009," there should be none - you guys rock.. and im dissapointed that there are none left in melb \\n']"""
Mon Jun 15 00:13:30 PDT 2009," aww damn you just made me realize my last update was my 100th  I was frustrated on my 100th. LAME.\\n']"""
Mon Jun 15 00:13:31 PDT 2009," i really really really wish that u give me #MP2 code Mr.Josh Olin please  am despert\\n']"""
Mon Jun 15 00:13:31 PDT 2009,"WHY IS MY MSN NOT WORKING!!!??       0_0    :o\\n']"""
Mon Jun 15 00:13:32 PDT 2009,"Ugh i have the dentist at 10 \\n']"""
Mon Jun 15 00:13:34 PDT 2009,"oh no! the big ball of burning fire is setting! NOOOooo.. please come back tmrw? \\n']"""
Mon Jun 15 00:13:35 PDT 2009,"I can\'t sleep because I can\'t breathe. Feel like crap \\n""]'"
Mon Jun 15 00:13:36 PDT 2009,"'""totally fucked up maths today  now\', \' to conclude my speech which i was supposed to do yesterday...""\\n\']'"
Mon Jun 15 00:13:36 PDT 2009,"'""We had a football match yesterday\', "" it ended 2-2. But we didn\'t lost"", "" so I don\'t care much. I wasn\'t there btw"", \' I was ill ""\\n\']'"
Mon Jun 15 00:13:39 PDT 2009,"Off to work to clear out my desk \\n']"""
Mon Jun 15 00:13:43 PDT 2009,"is going to have to get a new tyre today  Have you seen the prices of them though? They\'re blaming it on the inflation.\\n""]'"
Mon Jun 15 00:13:44 PDT 2009,"Dammit I have an RROD. Not from an xbox though.  A curry \\n']"""
Mon Jun 15 00:13:48 PDT 2009," My stone cracked when I put it under the broiler  still works for loaves though.\\n']"""
Mon Jun 15 00:13:51 PDT 2009," Ew i dont want to go back either \\n']"""
Mon Jun 15 00:13:51 PDT 2009,"I\'m trying as hard as i can but i just don\'t think i\'m good enough anymore. \\n""]'"
Mon Jun 15 00:13:52 PDT 2009," Happy birthday to them! And congrats to you for surviving 16 years! ;) Driving is scary - not looking forward to mine driving. \\n']"""
Mon Jun 15 00:13:53 PDT 2009,"Just back from a great holiday! First day back at work and its pissing with rain \\n']"""
Mon Jun 15 00:13:54 PDT 2009,"I miss my uncle Mike. I wish he was still here to help me through all of this. \\n']"""
Mon Jun 15 00:13:54 PDT 2009,"  ur in majorca now......... im not \\n']"""
Mon Jun 15 00:13:54 PDT 2009,"goodbye twitterr!!! i love you soo much!! em.. i can see tomorow I estuding maths  ok! goodbye!! I like dream with my imposible love \\n']"""
Mon Jun 15 00:13:57 PDT 2009,"Just went to check my bank balance and I have zero pennies left.... And it\'s  10days \'til pay day \\n""]'"
Mon Jun 15 00:13:59 PDT 2009," awh  i have at&t and still no iPhone \\n']"""
Mon Jun 15 00:14:00 PDT 2009,"Tired. Hungry. Summer school in the morning. Still single. . . FML. \\n']"""
Mon Jun 15 00:14:02 PDT 2009,"'""It\\\'s windy but not rainy today ;P I loove it. Miss my friends\', \' realised how quiet it\\\'s without them...  Love u guys <3""\\n\']'"
Mon Jun 15 00:14:03 PDT 2009,"'""SO MANY OUTFIT IDEA\\\'S - it always\', \' ALWAYS happens when i dont have anywhere to go ""\\n\']'"
Mon Jun 15 00:14:04 PDT 2009,"Home from CMA fest!! Amazing music! <3 it! T Swift was a little disappointing  night!!!\\n']"""
Mon Jun 15 00:14:07 PDT 2009,"'""learning\', \' exams tomorrow ""\\n\']'"
Mon Jun 15 00:14:08 PDT 2009,"'""Going back to college. Hmm. Have I packed everything? I hate packing\', \' I almost always forget something ""\\n\']'"
Mon Jun 15 00:14:13 PDT 2009," i don\'t know who he is! \\n""]'"
Mon Jun 15 00:14:13 PDT 2009,"  I miss you \\n']"""
Mon Jun 15 00:14:16 PDT 2009,"in desperate need of an external hard drive  my lappy\'s full!!!!! bahahaha *sigh*\\n""]'"
Mon Jun 15 00:14:20 PDT 2009,"Still up at 2 am because I can never sleep. \\n']"""
Mon Jun 15 00:14:24 PDT 2009,"'"" I get sooooo fuckin pissed when i get them...I\\\'m like ""Oooo!New followers!   \', \'  then i see that its the fuckin porno people ""\\n\']'"
Mon Jun 15 00:14:31 PDT 2009," i really really really wish that u give me #MP2 code Mr.Josh Olin please  am desperate\\n']"""
Mon Jun 15 00:14:36 PDT 2009,"ohh. i hate when out of nowhere a bad feeling comes upon you right now i feel like i miss someone.  or something.\\n']"""
Mon Jun 15 00:14:37 PDT 2009,"im bored. have to find something to do \\n']"""
Mon Jun 15 00:14:38 PDT 2009,"i miss my hotdog pillow.  and my dog. \\n']"""
Mon Jun 15 00:14:48 PDT 2009,"Can\'t sleep.  I\'m in a large comfy bed all alone and  listening to paula abdul... Thinking about what i am going to do tomorrow.\\n""]'"
Mon Jun 15 00:14:53 PDT 2009,"'""This is so unfair\', \' I want to be skinny again. ""\\n\']'"
Mon Jun 15 00:14:55 PDT 2009,"'""Facebook URL\', \' check! Twitterific hit by bug\', \' check! ""\\n\']'"
Mon Jun 15 00:14:57 PDT 2009,"'""i gotta pain in my chesss...and i cant briefff.  no but seriously\', \' my chest hurts ""\\n\']'"
Mon Jun 15 00:14:58 PDT 2009,"""Thats when paula\'s sparks went away"" driven to marion right now \\n""]'"
Mon Jun 15 00:14:59 PDT 2009,"'"" Eventually\', \' but not enough. ""\\n\']'"
Mon Jun 15 00:15:00 PDT 2009,"missed john mayer tonight because I have work at 7am  grool.\\n']"""
Mon Jun 15 00:15:00 PDT 2009,"does not want to leave his new laptop and go to general studies \\n']"""
Mon Jun 15 00:15:02 PDT 2009,"i left my heart in pemalang.. wish i was there... \\n']"""
Mon Jun 15 00:15:04 PDT 2009," same ah. NEXT IS US  Cheeeeeee\\n']"""
Mon Jun 15 00:15:12 PDT 2009,"just walked home  but i finished my film!  yay\\n']"""
Mon Jun 15 00:15:13 PDT 2009,"'""Disappointed with how out of shape I have allowed myself to become. So disappointed. Also\', \' currently\', \' incredibly sore. ""\\n\']'"
Mon Jun 15 00:15:14 PDT 2009,"i want to move to blogger but there\'s no blogskin. damn. \\n""]'"
Mon Jun 15 00:15:16 PDT 2009," yep. I hope you can go too.   8->\\n']"""
Mon Jun 15 00:15:18 PDT 2009,"cursing Xen. systems lost network configuration post reboot. means extra work \\n']"""
Mon Jun 15 00:15:21 PDT 2009,"I have hick-ups.... ouch.  they\'re hickuping out of me!!\\n""]'"
Mon Jun 15 00:15:21 PDT 2009,"'""Once again\', \' bad idea to wear these heels  OUCH!""\\n\']'"
Mon Jun 15 00:15:21 PDT 2009,"'""Fixed display of code samples on automateit.org website. New Hpricot parser made nice multiline styled code into unbroken\', \' unstyled text. ""\\n\']'"
Mon Jun 15 00:15:22 PDT 2009," follow me cuz i love u...& u luv me..were a happy family? lol & all my friends are facebook hoes &i have no friends here \\n']"""
Mon Jun 15 00:15:23 PDT 2009,"not in a mood to work..mondays sucks \\n']"""
Mon Jun 15 00:15:24 PDT 2009," my heart is broken  can u bring my sister back please and THANK you idk who u r!!!!!\\n']"""
Mon Jun 15 00:15:25 PDT 2009,"'""icy blue floatt\', \' give me one pleaseeeee ""\\n\']'"
Mon Jun 15 00:15:28 PDT 2009,"i wish my bed wasn\'t empty. it\'d be nice to have someone in it with me. \\n""]'"
Mon Jun 15 00:15:32 PDT 2009,"Trying not to notice that there are some ""lasts"" happening. Last hot tub hour with Kyle and Andrew tonight. \\n']"""
Mon Jun 15 00:15:32 PDT 2009,"'""To my friends: I know I can be depressing/annoying when I complain so much\', \' but it just feels unhealthy to hold it all in. I\\\'m sorry ""\\n\']'"
Mon Jun 15 00:15:33 PDT 2009,"'""has latihan lagi hari ini buat Yovie Widianto Fusion\', \' masih bingung bagian2nya  "
Mon Jun 15 00:15:33 PDT 2009,"'"" hi hi! dammit i missed ready steady cook\', \' it wasnt on at the gym today ""\\n\']'"
Mon Jun 15 00:15:41 PDT 2009,"'"" Tired\', \' got struck by insomnia last night  How are you?""\\n\']'"
Mon Jun 15 00:15:43 PDT 2009," you\'re still up!  we\'re both going to be tired tomorrow... i\'m just going to sleep now. i love you.\\n""]'"
Mon Jun 15 00:15:44 PDT 2009," U havent unsubscribed to me have u \\n']"""
Mon Jun 15 00:15:50 PDT 2009,"I wish I was allowed to have the sleep schedule of a touring musician.  \\n']"""
Mon Jun 15 00:15:53 PDT 2009,"why do i procrastinate so incredibly much??? \\n']"""
Mon Jun 15 00:15:55 PDT 2009,"Another day of drone work \\n']"""
Mon Jun 15 00:15:57 PDT 2009," GOOD! Since my fav mug broke coffee hasn\'t tasted the same  Fickle women aren\'t we ha ha ha.\\n""]'"
Mon Jun 15 00:15:57 PDT 2009,"My performance was shit \\n']"""
Mon Jun 15 00:16:03 PDT 2009,"'"" yeah\', \' i had one too ""\\n\']'"
Mon Jun 15 00:16:04 PDT 2009,"'"" yeah\', \' thats the problem with working for a small company and working the night shift ""\\n\']'"
Mon Jun 15 00:16:04 PDT 2009,"'"" yeah lol\', \' argh i gt a crappy brief 2 write ""\\n\']'"
Mon Jun 15 00:16:04 PDT 2009,"I enjoy the rain.. no i hate it!! Just be inside.. \\n']"""
Mon Jun 15 00:16:07 PDT 2009,"'"" good morning\', \' nicky! did Rocco and Jay wake you up? What you\\\'re up to 2day? I\\\'m at work at this beautiful weather ""\\n\']'"
Mon Jun 15 00:16:07 PDT 2009,"Saw a cockroach in her sink. Why have i been the one to spot the gross creatures in our house lately? I\'m so paranoid now! And it\'s hot. \\n""]'"
Mon Jun 15 00:16:07 PDT 2009," i wish we had them here in jersey but we dont \\n']"""
Mon Jun 15 00:16:07 PDT 2009,"my router died \\n']"""
Mon Jun 15 00:16:08 PDT 2009," yeah and a dirty intelligence service but it\'s the only thing I can do for now \\n""]'"
Mon Jun 15 00:16:09 PDT 2009,"Howdy twitter! Currency exchange between UK and America at the moment is poo. Vegas is looking more and more expensive. \\n']"""
Mon Jun 15 00:16:09 PDT 2009,"waching TV and wishing Rick was home from the hospital. he has been in the hospital almosy 6 months now. \\n']"""
Mon Jun 15 00:16:13 PDT 2009," I missed u 2?! Now I\'m sad \\n""]'"
Mon Jun 15 00:16:13 PDT 2009," I do not read Japanese \\n']"""
Mon Jun 15 00:16:14 PDT 2009,"I had the worst day in a long time. and somehow also one of the best \\n']"""
Mon Jun 15 00:16:15 PDT 2009,"Watching scrubs at 2 in the morning and hating the fact that it\'s canceled now... \\n""]'"
Mon Jun 15 00:16:17 PDT 2009," thanks for the invite  lol\\n']"""
Mon Jun 15 00:16:19 PDT 2009,"If anyone wants to help me out with this DM me and i\'ll give you my details...   Might be important!  Prob not.. but need to check.. \\n""]'"
Mon Jun 15 00:16:21 PDT 2009,"'""What would you do if you went piss and felt i tickle\', \' looked down\', \' and a baby spider was crawling out of you? Ew ""\\n\']'"
Mon Jun 15 00:16:23 PDT 2009,"I keep having dreams that there is a line of customers that need my help so I wake up and look around my room. This happens every hour \\n']"""
Mon Jun 15 00:16:24 PDT 2009,"'"" He also sent me this: \\\'someday when u\\\'re back from London\', \'we\\\'ll suck u into some project too\\\'.(I\\\'d love to b able 2 be part of it  )""\\n\']'"
Mon Jun 15 00:16:25 PDT 2009,"[  !  }  thas wha my kick battery is look\'n like  lmao im tooo lazy to qo inside & charge it\\n""]'"
Mon Jun 15 00:16:25 PDT 2009,"Three more days of school - short week and short days!  Bad news - two finals every day. \\n']"""
Mon Jun 15 00:16:28 PDT 2009,"'""needs to download an upgrade to my blackberry so it can run smoother however\', \' that means I will hve 2 give up an app...ubertwitter ""\\n\']'"
Mon Jun 15 00:16:29 PDT 2009,"Feeling lightheaded \\n']"""
Mon Jun 15 00:16:31 PDT 2009,"'""hope \\\'seizures\\\' is better than \\\'generation why\\\' - c\\\'mon kisschasy. ps - thought i was having a bad day\', \' then bad news made it even worse ""\\n\']'"
Mon Jun 15 00:16:31 PDT 2009," the party was off the hook!!! i wish u would have been there \\n']"""
Mon Jun 15 00:16:32 PDT 2009," what?  why not?  \\n']"""
Mon Jun 15 00:16:32 PDT 2009,"'"" thanks for folowing\', \' seems you are a bot or an other kind of spammer\', \' so no follow back ""\\n\']'"
Mon Jun 15 00:16:32 PDT 2009," Cool. We don\'t have a B&N.  \\n""]'"
Mon Jun 15 00:16:33 PDT 2009,"on my way to the airport to see my bro off. Leaving to the US. \\n']"""
Mon Jun 15 00:16:36 PDT 2009,"TFLN.com didn\'t post my text.  I feel so rejected.  \\n""]'"
Mon Jun 15 00:16:37 PDT 2009,"shitty day \\n']"""
Mon Jun 15 00:16:37 PDT 2009,"im dead!! i walked around 4 most of the day half asleep \\n']"""
Mon Jun 15 00:16:37 PDT 2009,"          it\'s my gf\'s bday \\n""]'"
Mon Jun 15 00:16:38 PDT 2009,"After reading some of the reaction..i almost feel bad for liking it so much. \\n']"""
Mon Jun 15 00:16:40 PDT 2009,"'""p\', \' had food\', \' shit weather  should go get dressed for work i suppose.. :\\\\""\\n\']'"
Mon Jun 15 00:16:41 PDT 2009," i\'m jealous... i want to go outside because i\'m getting fat but my parents are busy. \\n""]'"
Mon Jun 15 00:16:42 PDT 2009," hey wordpressaholic! Have you found any hooks for when widgets are put in a sidebar / inactive state? I can\'t \\n""]'"
Mon Jun 15 00:16:43 PDT 2009,"ohmigee 3 ppl following me... i only know one!! scary!!    lol\\n']"""
Mon Jun 15 00:16:43 PDT 2009," come to school tomorrow oh sick one. u missed my function today  plus we have qcs tomorrow and u can\'t miss thaaaaaaaaaaaat!!\\n""]'"
Mon Jun 15 00:16:48 PDT 2009," I never got the Lebowski love so I understand.    \\n']"""
Mon Jun 15 00:16:48 PDT 2009,"'""In order news\', \' I spent most of my day looking for a new dress for my mother.  Her original dress for the wedding no longer fits.  ""\\n\']'"
Mon Jun 15 00:16:49 PDT 2009,"'"" Sorry love\', \' I didnt see ya messages til this morning  Hope everything is ok now""\\n\']'"
Mon Jun 15 00:16:52 PDT 2009,"Can\'t find a cd in any web store that i want \\n""]'"
Mon Jun 15 00:16:54 PDT 2009,"'""Man these sweets are messed up\', \' got flavours like vomit and boogers in it and you can\\\'t tell what\\\'s what  "
Mon Jun 15 00:16:59 PDT 2009," I don\'t know...I wish I was with baby \\n""]'"
Mon Jun 15 00:17:03 PDT 2009," seriously! I thought of you today cause I was in SD all day  I miss you&your big red jacket\\n']"""
Mon Jun 15 00:17:05 PDT 2009," - the best girl in the world! miss her \\n']"""
Mon Jun 15 00:17:05 PDT 2009,"I miss my bestie \\n']"""
Mon Jun 15 00:17:08 PDT 2009," i used to dance to those lyrics at work...until i listened to them...i\'ve been crying myself to sleep in guilt all week! \\n""]'"
Mon Jun 15 00:17:11 PDT 2009,"'"" It\\\'s gone all kinked up\', \' after two hours spent straightening it last night  And I just woke up in a huff-no real reason!""\\n\']'"
Mon Jun 15 00:17:15 PDT 2009," oh noooo. You must have caught it via twitter \\n']"""
Mon Jun 15 00:17:14 PDT 2009," give it to me again  lol\\n']"""
Mon Jun 15 00:17:15 PDT 2009,"hates getting up early \\n']"""
Mon Jun 15 00:17:15 PDT 2009," YOU\'RE THE BEST !! Please gimme a lil hii !!  Just one lil hi !!\\n""]'"
Mon Jun 15 00:17:17 PDT 2009,"goodnight world I\'m so tired I can\'t even hold the phone up to tweet anymore \\n""]'"
Mon Jun 15 00:17:18 PDT 2009," sucks  i got 9-5 myself \\n']"""
Mon Jun 15 00:17:21 PDT 2009,"'""No luck\', \' next to a baby blah ""\\n\']'"
Mon Jun 15 00:17:23 PDT 2009,"Appointment at 3 pm tomorrow. Going to try to go to sleep even though I cant use my ipod because its charging right now.  Night all. x.\\n']"""
Mon Jun 15 00:17:24 PDT 2009," ...and Chisholm it should\'ve remained! I miss the Clayton campus. \\n""]'"
Mon Jun 15 00:17:28 PDT 2009,"want 2 watch the proposal \\n']"""
Mon Jun 15 00:17:28 PDT 2009," i know I just watched guilty pleasure and ...flashbacks \\n']"""
Mon Jun 15 00:17:33 PDT 2009,"had lunch with stella.. porridge..pity me.. can\'t eat anything but porridge..  how\'s school everyone?? how\'s piano exam nise??\\n""]'"
Mon Jun 15 00:17:36 PDT 2009,"I am so tired \\n']"""
Mon Jun 15 00:17:38 PDT 2009,"'"" Me feet are freezing\', \' I keep getting this stabbing pain behind my ear\', \' I feel like I broke my left wrist/foot. ""\\n\']'"
Mon Jun 15 00:17:39 PDT 2009,"I told you I\'d have nightmares  woo 3.30\\n""]'"
Mon Jun 15 00:17:40 PDT 2009,"only got 81% on maths exam. NOT GOOD ENOUGH!!  \\n']"""
Mon Jun 15 00:17:43 PDT 2009,"Just went to pickup the Mrs from work & was an hour early. About the 7th or 8th time this year I\'ve made the same mistake \\n""]'"
Mon Jun 15 00:17:47 PDT 2009,"#iremember when I gave the school a check for lunch every week.. I never got effn free lunch  lol\\n']"""
Mon Jun 15 00:17:47 PDT 2009,"Had a real upsetting dream that I\'m trying to get out of my head \\n""]'"
Mon Jun 15 00:17:48 PDT 2009," keep your head up sweet girl!! \\n']"""
Mon Jun 15 00:17:49 PDT 2009,"Finding art history internal hard \\n']"""
Mon Jun 15 00:17:49 PDT 2009," Does that mean your girl didn\'t work out? \\n""]'"
Mon Jun 15 00:17:55 PDT 2009,"is bored!!!!!  stupid HTML Course!\\n']"""
Mon Jun 15 00:17:56 PDT 2009," And I\'m sorry you still feel funny  *shoos storms away*\\n""]'"
Mon Jun 15 00:18:00 PDT 2009,"'"" were not going next we are we? Shocking\', \' madness and Mrs Bryan has already taken my tuesday and most of wednesday away from me! ""\\n\']'"
Mon Jun 15 00:18:00 PDT 2009,"I need more help! This is more urgent! What should I do my speech on? It has to be persuasive. Im really stuck and we dont have much time \\n']"""
Mon Jun 15 00:18:04 PDT 2009," - Mykie- look There\'s me being cute! And you being stupid. lol. I\'m only a bby! \\n""]'"
Mon Jun 15 00:18:07 PDT 2009," They are the only animals I *really* hate. \\n']"""
Mon Jun 15 00:18:10 PDT 2009," aww aww! miss d show! what twist? heard echa wont be joining thou \\n']"""
Mon Jun 15 00:18:12 PDT 2009,"i need some followers. only 4 ? \\n']"""
Mon Jun 15 00:18:14 PDT 2009,"I\'m really madd / i gott hella xcited because twit-pic finally wrkd ONE Time ; & now its now!!! \\n""]'"
Mon Jun 15 00:18:16 PDT 2009," Actually I have a lot more ""interesting""  material from BoundCon but  not YouTube safe; and that is what works with my blog \\n']"""
Mon Jun 15 00:18:17 PDT 2009," im kinda more behind you yet beside you... im the akward looking one in the white shirt. couldn\'t find it on youtube \\n""]'"
Mon Jun 15 00:18:18 PDT 2009," alright! 3am and i barelyyy started the redhill booklet. all nighter i suppose  then i gotta do another booklet tmrw!\\n']"""
Mon Jun 15 00:18:20 PDT 2009,"'""i need a friend that is kind and loyal to me and somone that i can trust and tell anything to\', \' i dont have one of thos friends ""\\n\']'"
Mon Jun 15 00:18:21 PDT 2009,"'""Absolutely terrible headache  Great night. But\', \' now it\\\'s time for sleep. Goodnight!""\\n\']'"
Mon Jun 15 00:18:31 PDT 2009,"'""#iremember Pogs\', \' yoyos\', \' sherbert straws and Gogos at school. Man those things were go fun they always got banned ""\\n\']'"
Mon Jun 15 00:18:33 PDT 2009,"Still awake. I\'m worried about hammy. She got her foot stuck in her cage  I never want to leave again.\\n""]'"
Mon Jun 15 00:18:36 PDT 2009," you lucky girl you.... got a guy who will do ANYTHING for you!!! I need to find me a man.  you guys are bummin me out man!\\n']"""
Mon Jun 15 00:18:40 PDT 2009,"'"" oh no  im sorry\', \' i feel bad for making fun of it (((((""\\n\']'"
Mon Jun 15 00:18:42 PDT 2009,"'""Ugh. the less i drive in\', \' the more i hate it when i do ""\\n\']'"
Mon Jun 15 00:18:43 PDT 2009," haha yeah I do too and I was just with him! He was gonna spend the night but someone jacked the bed I sleep on. Lol shittt \\n']"""
Mon Jun 15 00:18:44 PDT 2009,"'""Also RIP for my little renault bertie\', \' it may b the end of the road for him! no money for a new car either!  nobody giving away free ones?""\\n\']'"
Mon Jun 15 00:18:46 PDT 2009," I never tried that \\n']"""
Mon Jun 15 00:18:50 PDT 2009,"'"" that particular domain expires tomorrow\', \' so safe to say it\\\'s too late anywhere. ""\\n\']'"
Mon Jun 15 00:18:51 PDT 2009,"*cry* has the flu \\n']"""
Mon Jun 15 00:18:51 PDT 2009,"'""Week 2 of training\', \' exam 1 ""\\n\']'"
Mon Jun 15 00:18:53 PDT 2009,"My kittens are sick  yesterday Moanie got treated at the vet and she\'s better. But today Chevy went down with d virus too..\\n""]'"
Mon Jun 15 00:18:55 PDT 2009,"'"" im apparently goin home alone\', \' since u DM\\\'n  and stuff..wats really goin on. lol..i guess i was just a pawn in this ""\\n\']'"
Mon Jun 15 00:18:57 PDT 2009,"Home with a feverish kid today...  \\n']"""
Mon Jun 15 00:18:59 PDT 2009,"Meh. Left some shopping on the train on Friday and now find that my sunglasses were probably in the same bag \\n']"""
Mon Jun 15 00:19:00 PDT 2009,"'"" Don\\\'t be like Ahab\', \' dude. ""\\n\']'"
Mon Jun 15 00:19:06 PDT 2009,"  mine hurts too \\n']"""
Mon Jun 15 00:19:08 PDT 2009," Don\'t get me started! #iremember wearing baggy clothes in jr. high and STILL being honked and whistled at by grown ass men \\n""]'"
Mon Jun 15 00:19:19 PDT 2009," its very good! I liked it have u seen the film? I havent really read much of new moon no time \\n']"""
Mon Jun 15 00:19:20 PDT 2009,"about to head to post office and then off to work..  fuck im tired. but england in two days. family drama: here i come!\\n']"""
Mon Jun 15 00:19:21 PDT 2009,"ran out of tea !!! Having to substitute coffee instead. It\'s just not the same \\n""]'"
Mon Jun 15 00:19:25 PDT 2009,"disappointed. cant go shopping tonight. mom\'s got a meeting. \\n""]'"
Mon Jun 15 00:19:25 PDT 2009,"anyone wish to donate me a prom dress? aha. it\'s too difficult to find the right one \\n""]'"
Mon Jun 15 00:19:26 PDT 2009,"Stressing about exams  listening to an awsum remix. new film in production  haha when i finally upload all my stuff u can all watch!\\n']"""
Mon Jun 15 00:19:27 PDT 2009,"omg that\'s so cuttt. poor nick!  jimmy can smyd.\\n""]'"
Mon Jun 15 00:19:32 PDT 2009,"'"" bahahaha... Aww.  Besides the sleep deprivation\', \' how\\\'re you doing GigiPie?""\\n\']'"
Mon Jun 15 00:19:32 PDT 2009,"'"" yeah my dvd player\', \' tv and camera all are not working  running between service centres  but wat u didnt understand ?""\\n\']'"
Mon Jun 15 00:19:36 PDT 2009,"Astrid keeps crying and whimpering in her sleep. She must be having bad dreams \\n']"""
Mon Jun 15 00:19:37 PDT 2009," you clearly missed the literary reference.  \\n']"""
Mon Jun 15 00:19:38 PDT 2009,"'""Heading out for the day\', \' need more sleep. ""\\n\']'"
Mon Jun 15 00:19:38 PDT 2009,"not another monday....  barely noticed the weekend \\n']"""
Mon Jun 15 00:19:46 PDT 2009,"Stomache ache from hell \\n']"""
Mon Jun 15 00:19:46 PDT 2009,"omggg my heart just broke.... poor nick on JONAS (lol sonny) this girl totally used him. \\n']"""
Mon Jun 15 00:19:48 PDT 2009," I *love* live music so I used to go to random shows/concerts all the time but I never have anyone to go with anymore  fml lol\\n']"""
Mon Jun 15 00:19:49 PDT 2009,"'""as much as I\\\'m a huge supporter of Nintendo\', \' Bomberman PSP> Bomberman DS  "
Mon Jun 15 00:19:51 PDT 2009," I really wish I\'d had one last night... I got about 2 hours sleep in the end. \\n""]'"
Mon Jun 15 00:19:52 PDT 2009," sorry  it just looked that way\\n']"""
Mon Jun 15 00:19:55 PDT 2009,"'""lost my voice (it\\\'s been missing for over a week now) called the doc\', \' he said to keep quiet. It\\\'s gonna be a hard few days 4 me ""\\n\']'"
Mon Jun 15 00:19:57 PDT 2009," my tooth hurts again  I keep going thru hurt then no hurt. Boo hoo hoo! I need listerine. >\\n']"""
Mon Jun 15 00:19:59 PDT 2009,"'""Ok I cant sleep\', \' looks like gene simmons...Oh how I miss Criss Angel ""\\n\']'"
Mon Jun 15 00:20:00 PDT 2009," :O i didnt shame on me \\n']"""
Mon Jun 15 00:20:04 PDT 2009,"'""i want my neighborhood to be like on that 70\\\'s show. some cute girl needs to move in next door\', \' and I\\\'ll be Eric. Wheres my Donna? ""\\n\']'"
Mon Jun 15 00:20:04 PDT 2009,"Cannot sleep.  ""But I can\'t spell it out for you. No it\'s never gonna be that simple."" - Colbie Caillat\\n""]'"
Mon Jun 15 00:20:06 PDT 2009,"'""worse thing is it means I can\\\'t go anywhere lunchtime\', \' will be stuck in work ""\\n\']'"
Mon Jun 15 00:20:08 PDT 2009," - I LOVE THE BEACH..... SUMMER COME BACK TO ME \\n']"""
Mon Jun 15 00:20:11 PDT 2009,"omg me too its really annoying! i need some more friends  haha\\n']"""
Mon Jun 15 00:20:15 PDT 2009," leaving tomorrow. miss home. mum\'s incessantly whining to go shopping. i wanna stay home.\\n""]'"
Mon Jun 15 00:20:21 PDT 2009,"Fcking taking care of Jzap n Halili . Poor guys \\n']"""
Mon Jun 15 00:20:22 PDT 2009,"Listenin 2 my own speech on the previous #toastmaster meeting. It was a bad delivery 4 a good speech script i made  Must try harder ltr on\\n']"""
Mon Jun 15 00:20:25 PDT 2009,"'"" yeah our dvd player\', \' tv and camera all are not working  running between service centres  but wat u didnt understand ?""\\n\']'"
Mon Jun 15 00:20:28 PDT 2009," and I was broadcastin on tour yu coulda watch sum on the Total Dance show too \\n']"""
Mon Jun 15 00:20:28 PDT 2009,"'""I should prolly go to bed now\', \' gotta work in less than 8 hours..   ""\\n\']'"
Mon Jun 15 00:20:31 PDT 2009,"Did I tell ya that I had a dog named sugar? And a cat named spice? Lol sugar died 3 yrs ago... That was my baby \\n']"""
Mon Jun 15 00:20:35 PDT 2009,"man i want an iphone SO SO bad!! i wish they weren\'t so expensive \\n""]'"
Mon Jun 15 00:20:34 PDT 2009," the video\'s not on yahoo yet \\n""]'"
Mon Jun 15 00:20:37 PDT 2009,"more than a bad day... its more like a bad past 2 weeks!  Chango loco\\n']"""
Mon Jun 15 00:20:38 PDT 2009,"Iranian beatings competing for space in my head with my new boy. I have never been so grateful for our own decrepit govt. What a world \\n']"""
Mon Jun 15 00:20:42 PDT 2009,"I think I might be sick  .. couldn\'t sleep last night.\\n""]'"
Mon Jun 15 00:20:45 PDT 2009," You know you love it really ;-)  .....expecting more rain here this week \\n']"""
Mon Jun 15 00:20:46 PDT 2009,"is pissed off: London City Airport is bringing queueing to a new level \\n']"""
Mon Jun 15 00:20:48 PDT 2009,"I think I love you when I know I shouldnt \\n']"""
Mon Jun 15 00:20:48 PDT 2009," working . . 6 am to 2 :3O pm  . so im about to turn in ! ttyL k\\n']"""
Mon Jun 15 00:20:50 PDT 2009," how do i get rid of these disturbed people following me ? \\n']"""
Mon Jun 15 00:20:51 PDT 2009,"'""Main road to work was packed. Took alt route and drove across green fields of wheat\', \' borded with poppies. Forgot camera ""\\n\']'"
Mon Jun 15 00:20:53 PDT 2009," ohh awesome i dont think they played it in perth \\n']"""
Mon Jun 15 00:20:53 PDT 2009,"Gah! Mondays... Never could get the hang of Mondays. Time to pop into the shower and force myself awake \\n']"""
Mon Jun 15 00:20:56 PDT 2009,"at work  i am so tired ...\\n']"""
Mon Jun 15 00:20:58 PDT 2009,"back from camp! Had loads of fun! starting to miss the girls now \\n']"""
Mon Jun 15 00:21:00 PDT 2009," ugh. ready to go home.\\n']"""
Mon Jun 15 00:21:03 PDT 2009," ahhhhhhhhhhhhhhh the show JONAS my bros gf is taping it for me coz i dont have disney \\n']"""
Mon Jun 15 00:21:09 PDT 2009,"Leavingggg disneyland \\n']"""
Mon Jun 15 00:21:09 PDT 2009,"'""last day of Noosa sunshine today\', \' back to the cold tomorrow ""\\n\']'"
Mon Jun 15 00:21:10 PDT 2009,"'""Bummed that in 2010 linux.conf.au 18-22 Jan and webstock 15-19 Feb are a month apart\', \' so most Aussies will have to chose between them. ""\\n\']'"
Mon Jun 15 00:21:10 PDT 2009," I switched to linux.. Yamli is great.. but mesh bas7melo for long writings \\n']"""
Mon Jun 15 00:21:13 PDT 2009,"Out of Time (the Torchwood episode) always makes me cry. \\n']"""
Mon Jun 15 00:21:13 PDT 2009,"Just arrived at work after a fabulous wkend with   Why do weekends have to end ???? \\n']"""
Mon Jun 15 00:21:13 PDT 2009,"Working  I want to be back in Saturday again!!!\\n']"""
Mon Jun 15 00:21:16 PDT 2009,"Our last night in paradise  .  Gonna wake up at 6 tomorrow and cram as much as possible so we\'re beat on the plane.\\n""]'"
Mon Jun 15 00:21:17 PDT 2009," We don;t have hbo. mom\'s too cheap to get it. but i\'m watching it now. & I work next sunday while it\'s on \\n""]'"
Mon Jun 15 00:21:18 PDT 2009," SKorea has had a ""sunshine"" policy toward NKorea for decades. And everyone gives NKorea food & aid. Hasn\'t worked that well \\n""]'"
Mon Jun 15 00:21:20 PDT 2009," Awww Kangy that\'s cruel  Whisper her & let her know NICELY she\'s a bit outta order. I would but she might take it as hate...\\n""]'"
Mon Jun 15 00:21:20 PDT 2009,"'""I\\\'m back @ work today\', \' so no tweeting for me  have a lovely day\', \' will try & catch up with you tonight""\\n\']'"
Mon Jun 15 00:21:22 PDT 2009,"Gettin glitter n shit in ur eye...no fun. Ouchers \\n']"""
Mon Jun 15 00:21:24 PDT 2009,"reely dont feel like goin 2 skool \\n']"""
Mon Jun 15 00:21:25 PDT 2009,"I guess she rele hates the lakers .... \\n']"""
Mon Jun 15 00:21:26 PDT 2009,"my cousins flying back to tazzy tomorrow \\n']"""
Mon Jun 15 00:21:26 PDT 2009," at least you developed at a normal pace!!  #iremember hiding in a coat for the whole summer cause I hated boobs! LOL!!!\\n']"""
Mon Jun 15 00:21:29 PDT 2009,"Stupid headache.. \\n']"""
Mon Jun 15 00:21:31 PDT 2009," Sorry! I didn\'t see! \\n""]'"
Mon Jun 15 00:21:35 PDT 2009,"446 followers! didn\'t make it to 500 yesterday  Let\'s make it today! We can do it!\\n""]'"
Mon Jun 15 00:21:36 PDT 2009," I should be making this change from home (it\'ll take like 5 minutes) but my internets are down \\n""]'"
Mon Jun 15 00:21:38 PDT 2009,"'""Byeeee\', \' college time  Full day of rehursals.... THAT SUCKS!!! x""\\n\']'"
Mon Jun 15 00:21:42 PDT 2009,"twitterific is still broken for me \\n']"""
Mon Jun 15 00:21:42 PDT 2009," It\'s the facial hair that\'s making me see this. I don\'t want this image in my head.  Back to watching keyboard cat.\\n""]'"
Mon Jun 15 00:21:43 PDT 2009,"~ get SUICIDE !! \\n']"""
Mon Jun 15 00:21:46 PDT 2009,"I\'m about to go to sleep...got class and work 2moro... Its gonna b a loooong day \\n""]'"
Mon Jun 15 00:21:49 PDT 2009,"i miss my bestie \\n']"""
Mon Jun 15 00:21:50 PDT 2009,"I am the man with the incredible peeling face. . . . . . . Yuk \\n']"""
Mon Jun 15 00:21:53 PDT 2009,"Another great night w my girls... headed home... not to my boo boo tho \\n']"""
Mon Jun 15 00:21:58 PDT 2009,"I miss my man   \\n']"""
Mon Jun 15 00:21:59 PDT 2009,"'""Monday morning again  The weekends seem to disappear too quickly. Trying to get motivated to go to work\', \' but it\\\'s going to be difficult.""\\n\']'"
Mon Jun 15 00:22:02 PDT 2009,"'""Grand Total : TV:92\', \'OVA:12\', \'Movies:10\', \'Specials:12\', \'Episodes:2\', \'422\', \'DLEps:818\', \'Days:39.34   ""\\n\']'"
Mon Jun 15 00:22:02 PDT 2009,"Finally got to sleep at 4:30 this morning and the alarm went off at 5:30 how annoying  and no sow for 2 days now \\n']"""
Mon Jun 15 00:22:04 PDT 2009,"had to dismantle dog gate to free them! Doesn\'t bode well for self-imposed strict diet day \\n""]'"
Mon Jun 15 00:22:08 PDT 2009,"why am i always hungry?  and i\'m supposed to be watching my weight/what i eat already...\\n""]'"
Mon Jun 15 00:22:10 PDT 2009," damn you\'re so lucky you got to see tim and baby girl live. i would kill to see that. \\n""]'"
Mon Jun 15 00:22:15 PDT 2009,"paranoia ran through my body \\n']"""
Mon Jun 15 00:22:17 PDT 2009," yupppp. i miss how crazy she used to be \\n']"""
Mon Jun 15 00:22:23 PDT 2009," Morning Em! Sorry you had computer problems  I mentioned you...you can listen to archive + pamper when you have time! LOL\\n']"""
Mon Jun 15 00:22:24 PDT 2009," haha yeah you\'re too young  who is rick porcello????\\n""]'"
Mon Jun 15 00:22:26 PDT 2009," i love how you like hate me now \\n']"""
Mon Jun 15 00:22:29 PDT 2009,"'"" How R U?H Pity U\\\'ve never been 2 Byron\', \' it truly is a beautiful part of the world.Weekend stayed nice but 2day let us down ""\\n\']'"
Mon Jun 15 00:22:30 PDT 2009," danceed with Abhishek Bachan yo!!! it was fun i enjoyed it although i didn\'t meet many stars  sorry to dissapoint\\n""]'"
Mon Jun 15 00:22:34 PDT 2009,"Droped my phone in the lake! I hope it still works! Or ill be phone less..bc I cant buy a new one...Im too broke \\n']"""
Mon Jun 15 00:22:40 PDT 2009," boooo   -- where do ya live? U should take time off for that!\\n']"""
Mon Jun 15 00:22:42 PDT 2009," its grey and cold here  in Eastbourne   Send some sunshine over!!\\n']"""
Mon Jun 15 00:22:45 PDT 2009,"Lakers win!  Let\'s getmesome shoes     \\n""]'"
Mon Jun 15 00:22:45 PDT 2009," - i mean I DIDN\'T WIN  not won !!\\n""]'"
Mon Jun 15 00:22:45 PDT 2009,"  how come though?\\n']"""
Mon Jun 15 00:22:57 PDT 2009,"my horoscope sayz to shut my mouth for today  aw.\\n']"""
Mon Jun 15 00:22:57 PDT 2009," stopppp  i was going 4real but i felt so tire after work!!!!\\n']"""
Mon Jun 15 00:22:58 PDT 2009,"NO SCHOOL! Well for today. Back to school tomorrow.  -Georgia.\\n']"""
Mon Jun 15 00:22:59 PDT 2009,very ugly set  
Mon Jun 15 00:23:00 PDT 2009,"is really cant wait for trueblood season 2.. note for him:dont go changing  \\n']"""
Mon Jun 15 00:23:01 PDT 2009," Yooooo help your boy  I\'m getting sleepy \\n""]'"
Mon Jun 15 00:23:03 PDT 2009," hahaha. i know right. i know the feeling  its the asian in me...vertically challenged. lol\\n']"""
Mon Jun 15 00:23:03 PDT 2009,"'""is home..\', \' gonna shave my goatee now..  NO MORE GOATEE anymore. huhuhu""\\n\']'"
Mon Jun 15 00:23:03 PDT 2009," I LOVED them too! And no  They left aaages ago! hahaha\\n']"""
Mon Jun 15 00:23:04 PDT 2009,"Encountered a mean check-in lady @ the airport  Zen time! Ooooommmmm..\\n']"""
Mon Jun 15 00:23:05 PDT 2009,"'""on the train heading 2 glasgow im soo bored  theres a weird guy with grey hair longer than mine sitting across frm me\', \' its kinda creepy x""\\n\']'"
Mon Jun 15 00:23:06 PDT 2009,"  you\'re the WORST\\n""]'"
Mon Jun 15 00:23:07 PDT 2009,"'"" Ahh\', \' fair enough. Bit harsh though ""\\n\']'"
Mon Jun 15 00:23:07 PDT 2009," hmm - 2 lessons to teach and loads of admin to do  What about the world of dental assisting? *biggest hugs*\\n']"""
Mon Jun 15 00:23:07 PDT 2009,"band starts tomorrow \\n']"""
Mon Jun 15 00:23:07 PDT 2009," been there  \\n']"""
Mon Jun 15 00:23:07 PDT 2009,"iight im bout to hit the bed my twitt fams lol hit me in da am..still kinda sad bout orlando.. \\n']"""
Mon Jun 15 00:23:09 PDT 2009," Damn wish you\'d head over to the west coast more.. I\'ve never been to 1 of your concerts & am doubting I\'ll ever get the chance \\n""]'"
Mon Jun 15 00:23:10 PDT 2009,"my ear stings \\n']"""
Mon Jun 15 00:23:11 PDT 2009,"trying to keep myself awake after lunch...  i hate the sleepy feeling after having lunch..\\n']"""
Mon Jun 15 00:23:12 PDT 2009,"  cold or something?\\n']"""
Mon Jun 15 00:23:14 PDT 2009,"'""I wanna stay home today\', \' I don\\\'t want work experience ""\\n\']'"
Mon Jun 15 00:23:14 PDT 2009," I hear ya on that! I\'ve got a lot of not-so-fun stuff going on at work right now. \\n""]'"
Mon Jun 15 00:23:20 PDT 2009," get well for TT on Wednesday \\n']"""
Mon Jun 15 00:23:23 PDT 2009,"'"" I know\', \' I wanted to meet you Pheefo ""\\n\']'"
Mon Jun 15 00:23:27 PDT 2009,"'""I keep thinking of someone who has sort of stopped talking to me though. They used to get in touch all the time\', \' but now they\\\'ve stopped ""\\n\']'"
Mon Jun 15 00:23:27 PDT 2009,"'"" they are only journal posts\', \' no love for me.""\\n\']'"
Mon Jun 15 00:23:30 PDT 2009,"'"" i just read your posts and now im even more sad  all I ate today was rock star\', \' no wait I had a very large coffee too ""\\n\']'"
Mon Jun 15 00:23:32 PDT 2009," i was so distressed when the wild wings near my apartment closed down. goddamn i miss my mango habanero \\n']"""
Mon Jun 15 00:23:33 PDT 2009,"INDIA out of the T-20 word cup..... \\n']"""
Mon Jun 15 00:23:34 PDT 2009,"so cold \\n']"""
Mon Jun 15 00:23:35 PDT 2009,"it is waaaaaay too humid for having a cold \\n']"""
Mon Jun 15 00:23:40 PDT 2009,"home alone all weekend. my mama gave me $$$ for food. and what do i do with it? buy alcohol. I\'M HUNGRYYYYY  i kinda want..... sushi. haha\\n""]'"
Mon Jun 15 00:23:42 PDT 2009," whoa link didn\'t work \\n""]'"
Mon Jun 15 00:23:43 PDT 2009,"'""The Natal control system coming to Xbox looks interesting\', \' but still lacks what I really want. Holograms  "
Mon Jun 15 00:23:43 PDT 2009,"first day @ work after holiday... very exhausting... want do be in my warm bed... \\n']"""
Mon Jun 15 00:23:44 PDT 2009," i know bby  NO MAS!!!\\n']"""
Mon Jun 15 00:23:46 PDT 2009,"'"" 41USD \', \' which is nearer to 50CAD but .. ""\\n\']'"
Mon Jun 15 00:23:50 PDT 2009,"""The Time Traveler\'s Wife"" trailer is up. She\'s not a readhead in the movie.  "
Mon Jun 15 00:23:50 PDT 2009,"Feeling like just another sardine in the District Line tin \\n']"""
Mon Jun 15 00:23:50 PDT 2009,"would really like 2 stop feeling like this... oh well time 4 work \\n']"""
Mon Jun 15 00:23:54 PDT 2009,"'""in desparate need of shoe shopping... i miss nyc.. and cesare paciotti\', \' sigerson morrison\', \' jimmy choo and manolo blanik ""\\n\']'"
Mon Jun 15 00:23:57 PDT 2009,"where\'s my mom? I want my oatmeal \\n""]'"
Mon Jun 15 00:23:59 PDT 2009,"Jus woke up and my back is killing me! \\n']"""
Mon Jun 15 00:23:59 PDT 2009," you\'re not alone - my throat hurts \\n""]'"
Mon Jun 15 00:24:01 PDT 2009,"  i wanna ly in bed too \\n']"""
Mon Jun 15 00:24:03 PDT 2009," I think she matched my handwriting to the sign-in sheet. \\n']"""
Mon Jun 15 00:24:06 PDT 2009,"Gah who the hell does laundy at this hour...looks like I won\'t be sleeping for an hour or two. This sucks hardcore \\n""]'"
Mon Jun 15 00:24:09 PDT 2009,"tomorrow im gonna wake up from this wonderful paradise \\n']"""
Mon Jun 15 00:24:10 PDT 2009,"being bored \\n']"""
Mon Jun 15 00:24:12 PDT 2009,"'""#iremember Pogs\', \' yoyos\', \' sherbert straws and Gogos at school. Man those things were so fun they always got banned ""\\n\']'"
Mon Jun 15 00:24:12 PDT 2009, heheh how sweet. i wish it\'d work then  this design is driving me up the wall :| 
Mon Jun 15 00:24:13 PDT 2009,"Internet isn\'t working  Ima have to phone BT up :\'(\\n""]'"
Mon Jun 15 00:24:16 PDT 2009,"'""My weekend was good\', \' even if it was really sad  It just made things feel very finite""\\n\']'"
Mon Jun 15 00:24:17 PDT 2009,"Court for me tomorrow!  wish me luck!\\n']"""
Mon Jun 15 00:24:18 PDT 2009," noo way!! hahaha i miss them \\n']"""
Mon Jun 15 00:24:19 PDT 2009," Oh and I would\'ve liked your pants down joke. \\n""]'"
Mon Jun 15 00:24:20 PDT 2009," Damit I forgot to watch Kendra last night  So are you enjoying being back in LA ?\\n']"""
Mon Jun 15 00:24:22 PDT 2009,"Doesnt want to be here anymore \\n']"""
Mon Jun 15 00:24:26 PDT 2009,"ahh i hate being sick! I could have been at the zoo today \\n']"""
Mon Jun 15 00:24:26 PDT 2009,"'""it\\\'s going to be another long\', \' exhausting week.  And dentist tomorrow! fsck!""\\n\']'"
Mon Jun 15 00:24:30 PDT 2009,"really tried and has to leave for school now \\n']"""
Mon Jun 15 00:24:32 PDT 2009,"really disappointed the new alt song sounds like the jonas brothers. yuck yuck yuckkkk \\n']"""
Mon Jun 15 00:24:34 PDT 2009,"""noMatterHowOldIGetI\'llAlwaysBeYourBabyRanRan"" -harleigh. She\'ll be 7 on the 21st \\n""]'"
Mon Jun 15 00:24:36 PDT 2009,"'"" Hey Boo\', \' I missed your Blog/Notes on FB: Tear  I used to get the Tag/Shout Out! Imma Need you To Send Sum TWit Luv: LOL""\\n\']'"
Mon Jun 15 00:24:36 PDT 2009,"'""My Little brother is extremly sick and He climbed into my bed to cry and cuddle\', \' and fell asleep in my arms.  Poor thing. <3 <3 night all""\\n\']'"
Mon Jun 15 00:24:37 PDT 2009," ooh poo  good luck with him though! love to see a pic when he\'s constructed!!\\n""]'"
Mon Jun 15 00:24:42 PDT 2009," in the morning. She thinks they stil young enough 2 be domesticated. Mum will be sad when they gone \\n']"""
Mon Jun 15 00:24:42 PDT 2009,"'""Hey Tweeps\', \' had an unexpected day off today\', "" just as well I\'ve been feelin a bit sick"", \' really worried bout my best friend ""\\n\']'"
Mon Jun 15 00:24:44 PDT 2009," Sadly for me I\'ve been preparing for killer robots/zombies instead of nukes. Picked the wrong doomsday scenario apparently \\n""]'"
Mon Jun 15 00:24:55 PDT 2009,"mum keeps getting fake chocolate from woolies i want the real thing \\n']"""
Mon Jun 15 00:24:55 PDT 2009,"'"" Unfortunately\', \' the weekend was so bad work today seems like a bit of light relief.... ""\\n\']'"
Mon Jun 15 00:24:59 PDT 2009,"is excited about Norway! But is not looking forward to saying goodbye to the three most awesome people ever \\n']"""
Mon Jun 15 00:24:59 PDT 2009," is a great tool .. just wish my bandwidth could handle the data seamlessly  die Reliance die !!\\n']"""
Mon Jun 15 00:25:00 PDT 2009,"Damn it!..How long I need to wait?!.. \\n']"""
Mon Jun 15 00:25:04 PDT 2009,"church was so boring today  i was almost falling asleep :S but ate so fucking much feeling full and bloated \\n']"""
Mon Jun 15 00:25:04 PDT 2009,"Another night of weird dreams & woke up with a bad back again  Happy Manic Monday Everyone! xx\\n']"""
Mon Jun 15 00:25:04 PDT 2009,"'""up\', \' had food\', \' shit weather.  time to get ready for work i guess\', \' bus at 9ish. byee X""\\n\']'"
Mon Jun 15 00:25:08 PDT 2009,"I\'m usually so good at using sun block but not yesterday - only used factor 15 - and I look like Dr Zoiberg from Futurama this morning! \\n""]'"
Mon Jun 15 00:25:11 PDT 2009," still up? \\n']"""
Mon Jun 15 00:25:13 PDT 2009," - no!!!! blogger please work... \\n']"""
Mon Jun 15 00:25:14 PDT 2009,"Changed my picture and now its not working \\n']"""
Mon Jun 15 00:25:15 PDT 2009,"Indian\'s could\'ve got it y\'day man!It sucks so bad when the mistakes made in the 1st half come back at u in the 2nd..(ref:bhajji\'s wides) \\n""]'"
Mon Jun 15 00:25:15 PDT 2009,"i like to watch friends and one on one on weeknights but the dagum digital switch has taken all but 2 channels away from me idk why \\n']"""
Mon Jun 15 00:25:21 PDT 2009,"Broke a nail... and my bails are real  well at least they grow quick!\\n']"""
Mon Jun 15 00:25:25 PDT 2009,"my stomach really hurts. I think I should eat something; I\'ve had nothing but a bite of toast since lunch-time Saturday \\n""]'"
Mon Jun 15 00:25:30 PDT 2009," I started developing kinda early \\n']"""
Mon Jun 15 00:25:30 PDT 2009," Nick\'s Doug was my ish!!!Disney effed up \\n""]'"
Mon Jun 15 00:25:32 PDT 2009,"I\'m a pincushion \\n""]'"
Mon Jun 15 00:25:33 PDT 2009,"i think im starting to get a winter cold \\n']"""
Mon Jun 15 00:25:38 PDT 2009,"'""Has a feeling she left her iPod at the bic on saturday\', \' and its making her feel ill. ""\\n\']'"
Mon Jun 15 00:25:38 PDT 2009,"I\'m very tired - pain induced insomnia last night \\n""]'"
Mon Jun 15 00:25:41 PDT 2009,"'""Picnic\', \' parties and reunion is over.  But\', \' a new chapter begins.""\\n\']'"
Mon Jun 15 00:25:42 PDT 2009," doesn\'t show on my phone either \\n""]'"
Mon Jun 15 00:25:43 PDT 2009," OMG i have been blocking like a billion of them and i get like some britteny spears one and i am like GAAAH ... \\n']"""
Mon Jun 15 00:25:45 PDT 2009,"is watching spongbob wither her lil sis......leaving for work in a min \\n']"""
Mon Jun 15 00:25:47 PDT 2009,"  cracking up is the fact that you arent putting my name up... so I guess there is a secret things as a secret huh? \\n']"""
Mon Jun 15 00:25:47 PDT 2009," thanks.. i never knew the world could be so cruel. \\n']"""
Mon Jun 15 00:25:53 PDT 2009,"'""I hate that he\\\'s on the road\', \' and in a bad mood\', \' and that I can\\\'t be there for him. ""\\n\']'"
Mon Jun 15 00:25:53 PDT 2009," didnt sticth today cos was reading on wattpad LOL\\n']"""
Mon Jun 15 00:25:54 PDT 2009,"green tea  help me\\n']"""
Mon Jun 15 00:25:55 PDT 2009,"about to go to school  see ya later!!!\\n']"""
Mon Jun 15 00:25:57 PDT 2009,"ewwwwwwwwww the weatherrrrr... \\n']"""
Mon Jun 15 00:25:57 PDT 2009,"'""just saw some pics of me in my ensemble\', \' not my best outfit  I looked way better last meet\', \' eh\', \' next time. MPsy & Pockets look AMAZING! ""\\n\']'"
Mon Jun 15 00:25:58 PDT 2009, but it mean i missed out on a lot cause it was on so early  #Go Team Carlisle follow 
Mon Jun 15 00:25:59 PDT 2009,"I got an invitation to work for One World Group of Companies as a Marketing Specialist. I can\'t believe I declined without hesitation. \\n""]'"
Mon Jun 15 00:26:02 PDT 2009,"Can\'t switch to sprint....no palm pre... \\n""]'"
Mon Jun 15 00:26:03 PDT 2009,"'""The bus drove away just as i neared the door\', \'  depressing day.""\\n\']'"
Mon Jun 15 00:26:05 PDT 2009,"haha...i keep talking to people but no one reply me back...! it\'s sucks!!! obviously....to bad i\'m not artist i guess... \\n""]'"
Mon Jun 15 00:26:11 PDT 2009,"doesnt have a load and i need to text someone. \\n']"""
Mon Jun 15 00:26:11 PDT 2009,"NO!!!!!! EPIC FAIL! SERIOSULY I could cry right now  I hope my itunes will be okay. hehe fdskakdj blah.\\n']"""
Mon Jun 15 00:26:13 PDT 2009,"  Just read your tweets about the Oz tour.  I don\'t know what to say other than *hugs*  \\n""]'"
